user_id,email,password,handle
1,pseilmann0@facebook.com,lL7'U9)U!Xopb7cA,clindenstrauss0
2,aoakeshott1@spotify.com,lI1$'I}\Wow4,bfarryan1
3,aolivia2@yellowpages.com,nR1/YIyV8,bdeekes2
4,dpattini3@1und1.de,uY9|M'zjh,aarlott3
5,odowall4@wunderground.com,kB1}=w5%8UslTo,fdavitt4
6,ihumbell5@microsoft.com,sJ1#@{4>?,lspight5
7,oclelland6@princeton.edu,"aW7$""9N+g9f",tgorst6
8,nsandhill7@dmoz.org,gV5#U0n=/b}+CEs4,otruscott7
9,gwhitebrook8@instagram.com,kA7}O3ncX.N{Y1,sheindrick8
10,dcolebourne9@1688.com,lH8_YhX*>kX8O,cbarette9
11,kfellowsa@mail.ru,qR2%J@R@8,ndooreya
12,iluneb@smugmug.com,qD1>/z4i,bgrestyb
13,bmacmasterc@purevolume.com,kK2~r?t{,vcastaignetc
14,fperetd@sciencedaily.com,"tN9|<,#2L%",avigursd
15,clandelle@sciencedirect.com,oB3&07m1C,tniesee
16,anoorf@chicagotribune.com,iS0\&B7C1=2GPi+,lghidellif
17,gtrouncerg@delicious.com,jY5+jBy%W3ip,jyosifovg
18,leydenh@t-online.de,iM9'kMcq8smmQch,cabbetth
19,jmcilhargai@wikipedia.org,yV6|rukVCh,ccrannachi
20,csansj@guardian.co.uk,"bC8""9!Z3lkDk.hu",edomej
21,kgoldenofirelandk@pinterest.com,lQ2_maL7,jlitsterk
22,cplaidl@mediafire.com,"xT7\Aa)"")U",iconeyl
23,mgooderickm@mozilla.com,dV2.i8twN,adurnallm
24,tpymarn@topsy.com,rP9_>F`XC~,mallsobrookn
25,mjinkso@pcworld.com,xU3/4w$%Ev8!TS(P,sspellswortho
26,phousleyp@jalbum.net,zC1))W4AR~M9Pt`T,efostp
27,uleadbeatterq@weather.com,dA2*5ngV07x}*z,cwithnallq
28,rskeldingr@cpanel.net,"lB6)mIH9,LOB59D6",nbreawoodr
29,kbumphriess@sohu.com,"iW2,{<63W9H",nreeders
30,sbowbrickt@sogou.com,fN6(9xlh2,agyllet
31,ccalcuttu@admin.ch,kZ7~g.rUys<,tchallicombeu
32,twooffittv@mapquest.com,aN6}IK7##{<,kspottswoodv
33,ldablinw@businessweek.com,oB8~%E4qH@`o,rwayonw
34,rcolliverx@booking.com,"rJ6,F.""gGP",bcawkerx
35,ptuffleyy@g.co,oP8_kUh&L)P9dL,jcrosoery
36,uashingtonz@paypal.com,wV6/E7&\%I5,jaltiz
37,hmaharey10@census.gov,rW3~C`HX~B\X%)R,esmiths10
38,sdorkins11@sohu.com,lJ9@F%v6Dde_,glubomirski11
39,mbraxay12@technorati.com,qO6*8fIsBMADnV,mbartolomucci12
40,cbaumer13@umn.edu,"eR0)\ttS,UK*J",cdefont13
41,teilhermann14@soup.io,jN9|*XkpS,wcrystal14
42,bgiacoppoli15@ca.gov,"lV0,,,iZNv""iZ",clinley15
43,ckid16@ow.ly,fX0>m&NsyFqcC,cgonsalvo16
44,scatterell17@naver.com,jR2.OwUoBM,sblooman17
45,fwaber18@slashdot.org,nU0/(V1cRa%'yo,gnoorwood18
46,mdeighton19@illinois.edu,pA7+wfzXi?k#,adobrowolny19
47,cbrockington1a@admin.ch,vI8\~8ip|,lfauguel1a
48,tbiddle1b@com.com,qS4>w@Lr5`,amaxfield1b
49,jmcarte1c@jigsy.com,"cV1?'<1jZ,*v",scarlesi1c
50,emager1d@miibeian.gov.cn,uL7'F$hr_n.),phuguet1d
51,fgrevile1e@symantec.com,sG9!0uRY(|,avinden1e
52,jrandall1f@amazon.de,sW2+(twu,lsmurthwaite1f
53,ekirkland1g@so-net.ne.jp,hH9=vJYoiWtUrDyJ,vantoniewski1g
54,larnhold1h@prlog.org,"lW7@$X,ab""",fscanlin1h
55,aohagan1i@ustream.tv,bQ5}$wV=+(X,nmaccorley1i
56,bsellars1j@tamu.edu,qF8>\f#KgM,ygrzelczak1j
57,rbarsham1k@twitter.com,vC2*>#h&<,lflemming1k
58,icasiero1l@phpbb.com,zB2&aQU>M>P0aB?,abirk1l
59,mmaneylaws1m@amazon.co.jp,dK4}3z3SD,dcoping1m
60,rlewendon1n@vimeo.com,yJ8|>T9r\,mfairnie1n
61,dwillbraham1o@wired.com,fI2#aOFbtwxex_uP,isnodin1o
62,elowin1p@creativecommons.org,aJ0}ct!0CCs,kkenn1p
63,xfeather1q@ow.ly,dI6/c`@T`,croz1q
64,edebow1r@reuters.com,sV8'c*4mA),owrate1r
65,farmin1s@stumbleupon.com,dG5\IP3sh)&,ruttridge1s
66,vwyleman1t@shareasale.com,vF0}FFfNM,deeles1t
67,amccleary1u@theatlantic.com,pG0%CK@_e,paylott1u
68,mopdenorth1v@skype.com,sL4{CG|L=uUX+a8|,tforsdyke1v
69,tplumtree1w@weather.com,"nY5?n0W(YnrY,$&",lstonehouse1w
70,mtukely1x@chicagotribune.com,"mT7\&j8,03t",strotman1x
71,cmckellen1y@slideshare.net,aY2\rm>98G1I,clehon1y
72,ltomaskov1z@pbs.org,uK6@WcVFD7,gsanthouse1z
73,gdeakan20@indiegogo.com,tB4=rilw.zf!,vdarleston20
74,mblowfelde21@squarespace.com,hD4{((yfZ1>+~_W,ndeye21
75,jholbarrow22@hatena.ne.jp,"xX1!,Y5{&5",mcunnow22
76,jgallanders23@weibo.com,wM2?WF$`Qh,mmechic23
77,mginley24@themeforest.net,xO8>#uY3'_#pfPF,rheam24
78,ealgore25@myspace.com,"aK2+""'78wq+bhaF",sovershott25
79,hwade26@oaic.gov.au,oN0%nw*WjnA6D,bdecourcy26
80,hsinton27@sakura.ne.jp,pU3#/&Sns,bgreedyer27
81,dborborough28@cdc.gov,"pR2""}E'&xrv{B",crainy28
82,hpitsall29@1und1.de,xV9<)!.ouLO&QW|,dstygall29
83,cralphs2a@whitehouse.gov,yH8#J)EWuHB5uj,asayers2a
84,fjoskowicz2b@macromedia.com,cY8{f*(R(omO\OV,skasper2b
85,cvaun2c@yellowpages.com,"xD5=,0${j",tfache2c
86,emckeady2d@sogou.com,oL0'K2rM,tivashin2d
87,pkamien2e@patch.com,"mY0,QJ2P#AsZq=",tdewes2e
88,dgeibel2f@amazonaws.com,iP4\yB7e{$~/muR,vnorthgraves2f
89,nradmore2g@google.com.br,"nJ6,U`6<G9>gTk",ncrowd2g
90,livers2h@blogger.com,wZ9#6wR.6a',fbridie2h
91,mgarlant2i@nba.com,yO5)6F.D!OE,kcassells2i
92,kseatter2j@oakley.com,"dU9#~7Y?,F",amendus2j
93,kfasson2k@yellowbook.com,rX6+Sz=YNHkrw?,slampl2k
94,qosband2l@amazonaws.com,vR9+?LC$Wm,dsprigin2l
95,afitzer2m@fastcompany.com,xP5+yYbH_<c((,mclem2m
96,gmose2n@google.it,tR3@ajHKg@V`,kthorneywork2n
97,bpoe2o@google.com.hk,"cR9""0&!b_Gv4",hgarrison2o
98,ddaniely2p@abc.net.au,dS0_5p$i?PNR,vtyce2p
99,lreaditt2q@wikia.com,tG2<k1C*$_,bgreenroa2q
100,brigglesford2r@technorati.com,rD2`\4er(?dlPjD@,chowison2r
101,lgale2s@tinypic.com,jC8/!\2J?,scapstack2s
102,oclunan2t@theglobeandmail.com,mO8~jv{%~w,ebealing2t
103,cgarwood2u@cmu.edu,gO9\.3L=m|(kAyQc,mpiscopello2u
104,vwaeland2v@irs.gov,cN5|5FMYjCCI{,itallon2v
105,icafferty2w@hubpages.com,qA7?_+qv*'{Kw77,drablan2w
106,cambrogelli2x@webnode.com,hL8|qnv276p$*,kwaumsley2x
107,zdafter2y@home.pl,xP0+7EX7}dHr,mleonarde2y
108,rlown2z@wikimedia.org,sV4~)Sr%||9_e9,rburling2z
109,akeyworth30@cbsnews.com,hQ2=2/*S)Dg1``,holoinn30
110,jscarratt31@oakley.com,qN3(((ua\PcOT\,cgherardesci31
111,znolda32@taobao.com,pE2!lYW%K@1B7n(w,oeliesco32
112,kmcvity33@ning.com,vR8#9x/Mew5BA,cbaraja33
113,scorrison34@ucla.edu,fY1_0!rr',clyndon34
114,tbilverstone35@last.fm,iM9'&9fvP7B,pnutbeem35
115,nneale36@adobe.com,kR9}%)B5TM,mkeiling36
116,ctorry37@nymag.com,eX5*i_cVM9%LLo,bhadgraft37
117,nrupert38@craigslist.org,"xF1{q""\5\",dmaffi38
118,vbeviss39@prlog.org,cH6_2lOe1TLJh,jofogarty39
119,nneedham3a@irs.gov,rE6+{1IwaWclFQ,aeberz3a
120,atorbard3b@cocolog-nifty.com,hM9{>6rdDv2j,dharness3b
121,csturzaker3c@surveymonkey.com,bJ0}G_5'=)AIvI,cweatherby3c
122,voram3d@indiegogo.com,wE6%3>dB~%i44tL1,mrapp3d
123,mlemery3e@g.co,"jG0}CfG,r.W4Ws",mbourdis3e
124,wshorthouse3f@scientificamerican.com,zH4~cq@|1=65,mrussan3f
125,ekrug3g@addtoany.com,gY2#4n%v}=cTwM,ppoile3g
126,hmapledoore3h@elpais.com,dO3\KnD2W7%<,eattrey3h
127,gcairns3i@storify.com,"iZ5""?ork",mmunford3i
128,mboal3j@engadget.com,"mJ4.Uq4TZuSE""hX",wemmitt3j
129,wpalliser3k@dagondesign.com,jR2}7!}+6qF\%,cbirrane3k
130,ndufray3l@princeton.edu,fF4/7~+HeYV>Ej>!,ndavet3l
131,fcreaser3m@freewebs.com,kG6.U~nFOor&?g,hbowen3m
132,sbonsale3n@sina.com.cn,wB4$=w*/k6NC,gwashington3n
133,mheathfield3o@flavors.me,mP1!(uP268~w,hcreswell3o
134,rpaton3p@dailymotion.com,xU3\OAs/`a.>,jcostigan3p
135,eenglishby3q@indiegogo.com,rD6#g*eXr_<323$,mbeales3q
136,jhartright3r@tiny.cc,pU5$+~V_7I7',tpieroni3r
137,asmidmoor3s@wunderground.com,"kN7?C0""?'kKY#",twittrington3s
138,ddodshon3t@jigsy.com,zU7=VPdWa{n@u9~&,wheaton3t
139,rwortman3u@dmoz.org,"sZ3*SE)O=K1gYn>""",lharcourt3u
140,imacmanus3v@qq.com,pL6(6+2Es4{#5*F,dmcduff3v
141,chiorn3w@ehow.com,fT0<qd2BZ,jcheater3w
142,ncullip3x@sbwire.com,dB3}@}n8,ttattershall3x
143,blamblot3y@chicagotribune.com,"nT5+R4#8_""WT0W",fwinslet3y
144,hmcreynold3z@networksolutions.com,rS4)su'px,aertelt3z
145,ehardern40@sourceforge.net,wG3#cM&T|kZ,rburg40
146,igilroy41@mlb.com,tK1*NQ((Ce,cponten41
147,nhavick42@fda.gov,lH8/s}S#,lgillooly42
148,gsamworth43@netlog.com,cH8?3Fb*'p*,jslemming43
149,wkarby44@wikipedia.org,"kR1""#<U(dw",jcawthry44
150,rbrason45@paginegialle.it,yP4'B_@M9,cconaboy45
151,nkeene46@msu.edu,qL0)ACtq#bzgn,mgrayland46
152,rolyfant47@liveinternet.ru,rB4$hA`p\'@XE,vkirsch47
153,bcordier48@wisc.edu,eG9`s7fwU~S,tdaveran48
154,hgrimbleby49@princeton.edu,"jR4|B""pHb1hl2",tbratt49
155,mdykins4a@house.gov,yZ4`~.>eq>SlvNQ,rbozward4a
156,jwipper4b@fc2.com,tL0(J\d',mmckennan4b
157,mbaudins4c@google.com,uO7/wW3R`ipzW,upattemore4c
158,lsturror4d@about.com,vM5'?RG_z|,shuman4d
159,mwiffler4e@mediafire.com,"dY4*iBtA,O(zv|",foluney4e
160,noleary4f@gravatar.com,iA3~.5STp,ccolles4f
161,lbecerro4g@psu.edu,dS5)%s|#SyI7=DPF,prodders4g
162,cgaynesford4h@fastcompany.com,fI4?~S.%,rolney4h
163,gdohr4i@ehow.com,dE9.O726C3,pbentz4i
164,hvanniekerk4j@time.com,aH9.*g{~)_Mxf,dsellar4j
165,jclashe4k@youtu.be,oC0||A2)@<(,mlamputt4k
166,krennocks4l@gnu.org,vE8/70~/#~S'N7f,mvallery4l
167,ogasken4m@sun.com,wK5$(NaRqvJ8B?v,gturrill4m
168,bfranzman4n@engadget.com,sB1$t9?z_R,hlathey4n
169,elayborn4o@gov.uk,mV1<f+Wk,pshilliday4o
170,pmccandie4p@free.fr,sM8'4(~dphm,mmallabone4p
171,drex4q@aboutads.info,wQ8`z~Bu,mnys4q
172,enorster4r@hexun.com,"hJ8}by=,i.7Gx/F@",bweeke4r
173,sdurnford4s@amazonaws.com,kI5|zep|(K,dlicciardello4s
174,uconklin4t@cafepress.com,pY3@r3&5Ys,igagin4t
175,crimes4u@economist.com,"iN3(ck|fN/""Z8$j",cdesforges4u
176,mbromhead4v@webs.com,yN9|D{!pDq,hbrimfield4v
177,mwillows4w@furl.net,"sI9,!h/M",gyitzhok4w
178,hfissenden4x@ucoz.com,uW7}@B(S?TU'`7y{,cmateescu4x
179,nholme4y@go.com,"gH4#lyO""c+H*MU",tgymblett4y
180,bmargach4z@cbsnews.com,oO0|qUi{=W3=,tcharsley4z
181,oyoxen50@feedburner.com,nV9<qAp*j)},eallbones50
182,npietzner51@a8.net,wG8\wL4Omszt0,wmccathie51
183,edillet52@marketwatch.com,"fF4,1pu.VzY8B",lbeeble52
184,estyles53@printfriendly.com,wI2?6&|cm,cmonte53
185,dwolland54@tripod.com,fW4=6L}A)%7kP$zA,pgallant54
186,gmclaine55@pinterest.com,"uO4<!0/""Zd|",rmclanachan55
187,fdytham56@nbcnews.com,rM8|67e+srcO@|,imcdonnell56
188,ebradly57@dell.com,gL7{6S03..f(Di#r,ptidy57
189,pbellis58@amazon.com,"bS8)""vEE",cezzell58
190,cevemy59@yellowbook.com,tH6`ioHL1%,zlefevre59
191,kvere5a@squidoo.com,lX1+u}8#L2tC@,hmcinulty5a
192,givermee5b@123-reg.co.uk,"oN1&ksD$\""Bj",sminshaw5b
193,mperrottet5c@chicagotribune.com,gF5*jX$)Y0c,mtregien5c
194,kgeale5d@alexa.com,pQ0%YZbP6oaMhDsU,beyers5d
195,cpratchett5e@sogou.com,gB7/jX?IqrX+,nfretson5e
196,malessandone5f@topsy.com,"kZ3,v+)""J4",bcoolbear5f
197,jgodfray5g@lulu.com,fV0'649OAx}|E,scraigie5g
198,sschofield5h@xrea.com,"nW0""xM4h!\j|",wdriussi5h
199,fredmore5i@twitter.com,fT6#au/)$|!=E,bnoseworthy5i
200,candreoletti5j@barnesandnoble.com,pS4(q)ruJ~aEQ%W,mcheel5j
201,aeilert5k@barnesandnoble.com,pN6/K9LGKz\PV#9,brudland5k
202,jstripling5l@slashdot.org,"eT4|iUO,aSK*,4",hgarie5l
203,mtures5m@phpbb.com,dT3=j)hseSt,ederell5m
204,rgudgeon5n@a8.net,dI0~sJ~4vwxF(bx8,soboy5n
205,ncraine5o@seattletimes.com,rH9\NZV3m,cbarnes5o
206,awrefford5p@booking.com,rP6+M!s{wHV$t*,degan5p
207,kfairclough5q@virginia.edu,qC3|a6FMq1arIIg,sjakubowski5q
208,cfitzgeorge5r@irs.gov,"fK3)YR<8+,2",mrasell5r
209,pwoolmer5s@unblog.fr,gL6~#up`tCDU.HU,eavent5s
210,crosi5t@ning.com,bW5(@xy1R,rgarmston5t
211,ahabbergham5u@studiopress.com,bY2+1|<l<\E'O,aroff5u
212,mtrunks5v@multiply.com,rA4(nT+A.*wi=s,egavigan5v
213,eentres5w@spotify.com,"vZ8#hM{2>|M*t8""o",dgoseling5w
214,wfontenot5x@dropbox.com,fQ9?JX@QwTyYS,rgeorge5x
215,onenci5y@slideshare.net,lA3>@!qD#eiV_.,epagen5y
216,bvanhesteren5z@youku.com,iH0(zWQdQ(JCT,gjodlkowski5z
217,nfarnan60@free.fr,iI7/m*UwfoM,kseddon60
218,dbrennen61@google.com,uG2_Dxj$T,wbrosenius61
219,rbedenham62@wsj.com,"oZ7|,TvcNZ",hbruggeman62
220,btather63@auda.org.au,yE9.WS5KU}tT,hbonelle63
221,fcroux64@tumblr.com,yB1~m.CB8_YClJ,ucheak64
222,nseyler65@hc360.com,"rA6>K.*$kyh""b7%&",dmyrkus65
223,lbrough66@smh.com.au,"wB3+~,QEk\@4P*",gtowl66
224,lmalecky67@dmoz.org,"lX0!Z""/0{sW}",miianon67
225,jpearcehouse68@narod.ru,eH2$x.cP9hv6,menga68
226,skenlin69@behance.net,oQ6.u'T*{,csweeting69
227,sstruthers6a@telegraph.co.uk,iT6.c'3LP<FzmA,callerton6a
228,rtissiman6b@technorati.com,dQ6!7_I)l,gcolnet6b
229,ilandeg6c@washington.edu,pZ1|\{zV#~tc+,wmacconaghy6c
230,kbalstone6d@ed.gov,"pM0""gfeCNY*Jjq",idaens6d
231,rjanczyk6e@linkedin.com,wX7<FgJha,wfrayne6e
232,sainsley6f@behance.net,xK9_UUQ#5HT5,cfurniss6f
233,sfoulger6g@merriam-webster.com,kP2?7Qt)L,sscarce6g
234,nsmeeton6h@mlb.com,lC1=DU9Y{LnP,tandriessen6h
235,bdenholm6i@phoca.cz,oX0.$`A9y8_H_3D,cskeath6i
236,acollough6j@163.com,dO2@P1p0w1uU*,rgaither6j
237,rexrol6k@seesaa.net,yV0_BEfpgRmSv,anafzger6k
238,aloughlan6l@google.it,sC2>>/9o6)l0=fOA,fesler6l
239,aleban6m@yahoo.co.jp,oT9?(|_}doH\,geakle6m
240,mcreasy6n@yelp.com,rN6(?k_%,gingrey6n
241,bveltman6o@mtv.com,cM5*4gy48,gglackin6o
242,ptoghill6p@npr.org,"fG5{i,n%}M",bedgcumbe6p
243,emcgeorge6q@issuu.com,"gU7.?""NrXRYPwT)",cbranigan6q
244,bburnsyde6r@rambler.ru,uQ9{XC2lye4/(?|,dstihl6r
245,scossington6s@nba.com,aB7}T$m_N,jeringey6s
246,ebambrugh6t@nps.gov,jW4<I1$f6uHobEK,bpooke6t
247,lconibere6u@vinaora.com,zV3`SaF<,ahassin6u
248,jfish6v@ft.com,tV2~e}'>,mferier6v
249,ekassidy6w@weather.com,"tL4\z""LF3q+",lsolleme6w
250,cmaciaszczyk6x@icq.com,"mP3/D!,dr6$",jshreenan6x
251,hkundt6y@mtv.com,sE2*q9M5fJ,dwork6y
252,apoulney6z@economist.com,hE8#uXwgUIv#$,mvandevelde6z
253,ibremond70@dion.ne.jp,nS0>!l33tv,jsemeradova70
254,cferenczi71@usgs.gov,xV3}{qAwNGS},amccully71
255,jsumers72@google.com.au,jL9?+e}Z<yGxLo,jovershott72
256,jembleton73@canalblog.com,mN1)4QI%,khlavecek73
257,kgallant74@google.ca,sU6!LoA+,gbatrick74
258,emintoft75@exblog.jp,aA9~>HrCjLP>?,ccavell75
259,smckintosh76@163.com,"qP0)a9ag/\b""f&",owormstone76
260,bandreassen77@newyorker.com,iE8(Y0&ygS)5,pbarley77
261,ocaughey78@tumblr.com,pW1{PL9&2}{*,egreenard78
262,ebeamond79@youtube.com,nW1*Fh!Y$7|2%~,ijerman79
263,sbalmer7a@hugedomains.com,pO5\hpf!1~ctUW2,cbriiginshaw7a
264,agawke7b@hatena.ne.jp,xF7$L8a+foHEozEj,csampey7b
265,ebraine7c@oracle.com,cN9<(%KqCx85`xr,gpauley7c
266,amaruszewski7d@wisc.edu,xQ2<crJ/\Zg,hgerrets7d
267,tsouttar7e@google.com.br,"wT8`7+?4""t#x",gchadney7e
268,scoogan7f@cbslocal.com,"yV1!hr1aIK""Q@6l>",bmiddle7f
269,epavlasek7g@amazon.co.uk,aH3*o.SJ|\8c,icoppock7g
270,hszwandt7h@cmu.edu,tO7)5H%4,ktreadger7h
271,acaron7i@imdb.com,bB6(F==OXp'>4,mricht7i
272,gdinneen7j@cmu.edu,oQ8=&OgG,vcaplin7j
273,chacaud7k@wordpress.org,vJ4*Dung,streves7k
274,hskyner7l@parallels.com,"cP6*`%D)""sJ",ceilers7l
275,cweddup7m@diigo.com,dP1{f23PL,ldabrowski7m
276,bquinnet7n@acquirethisname.com,"gG8_hD\B,,?#)V5c",lnassi7n
277,rcalterone7o@twitter.com,oO9+Cmvt>?SCxW,merickssen7o
278,jmertin7p@godaddy.com,wS6>nI19@RmV}EE,tbeamson7p
279,twindross7q@i2i.jp,oE7'j'fFtA)7L=%,ndunge7q
280,obisset7r@princeton.edu,kY0!!mU5sJ,lkeelinge7r
281,dyeates7s@sogou.com,"iV1""Aon?7Z>E6",dfenwick7s
282,hmacvagh7t@acquirethisname.com,dI2}JKIH%.A@DAh},khabergham7t
283,ichritchlow7u@google.pl,"aY7,o*e~fc?=",jmcchesney7u
284,gtoyer7v@sogou.com,kF4)pw4=(dg65j,ejanovsky7v
285,rcarlsson7w@harvard.edu,aY3&xp_*t/9,epagram7w
286,tdoale7x@ehow.com,gD9#ubkd~m\y,fyurygyn7x
287,rcoda7y@dell.com,pL2'm_ZkL|'6m2J,oatrill7y
288,pfarans7z@google.co.uk,pJ7_#WK|Eq>V,mmarion7z
289,bkerford80@google.co.jp,oR3{K5hfPF{z}46,tellgood80
290,bsparrowhawk81@cbsnews.com,fJ4}rel~wRcK),cboole81
291,sspatig82@so-net.ne.jp,"sO9\""l'QB.",bbagge82
292,sblackman83@slideshare.net,"dV8$Z)hx""Y",mkeneforde83
293,brobison84@msu.edu,fF8_$I\Jxe\,fsollas84
294,igiorgeschi85@nytimes.com,bS6$M9s\AyUSS<xd,pfacer85
295,aplumtree86@hostgator.com,"zO5{(gV<h$C,>0",despinazo86
296,sstrangeways87@salon.com,cG1~Khk8|))s,pkarolovsky87
297,tgaenor88@upenn.edu,bR0$A@S|J=,ocloney88
298,mjouen89@time.com,tW0#@|lj\,dknewstub89
299,khazley8a@wikipedia.org,eM4<7@ea<Mt36G,croswarne8a
300,tangear8b@zimbio.com,sU4&JQ\2Wu},kcopper8b
301,tpetroff8c@intel.com,eW4(/.&or+}a,mimlock8c
302,abucktrout8d@mac.com,"lA6,iidd98yT",umohammed8d
303,jcoite8e@wired.com,"gV2,w4$_D()m7D",arobers8e
304,wfludder8f@arstechnica.com,kG9=VgdXF}0,ehiner8f
305,dmckitterick8g@smugmug.com,sA3<I#ff)72@,zconerding8g
306,gbentham8h@diigo.com,iK6~.+rR7b},dsollas8h
307,rtousy8i@last.fm,"rP7_{PAe""M9qT5",kzohrer8i
308,lauten8j@yolasite.com,bX6({qU)#z#M`C,lbreadon8j
309,kdavis8k@nsw.gov.au,wO8+{PI}GrR,ldegnen8k
310,mpentercost8l@geocities.jp,cQ2<!qk<tWM,nwarboy8l
311,sfrankel8m@walmart.com,zU0(T|0|l4Ni!IhJ,agalway8m
312,cstiffell8n@dagondesign.com,eF4}gT3>8Wb<.,hmancer8n
313,fpreator8o@prnewswire.com,vQ6\5Q\$yK.0AW,apogg8o
314,pscutt8p@webs.com,sK8\8xZ~)2sL,tparadise8p
315,cjentin8q@google.com.au,kP3}PyD2iv3,sarter8q
316,mvanns8r@g.co,xT4`m$ZRMJPYs,tshurmer8r
317,hjolliman8s@indiegogo.com,xH6\TKsd}{r0$9.,gberrick8s
318,mcoultass8t@harvard.edu,yB1`n}T\5c',cgosenell8t
319,sphilippsohn8u@yahoo.co.jp,xT1~u#w?S|',hogden8u
320,tmeijer8v@people.com.cn,bU0~tqIy=Un,praft8v
321,csibthorp8w@posterous.com,oY1'oOh3iskEJ*~d,celks8w
322,dbuswell8x@nyu.edu,vT0<\QW.bWvbZUR+,rbernlin8x
323,csteane8y@privacy.gov.au,oR6.mz_E8G!@mqE,vharly8y
324,bsuch8z@gov.uk,iQ3&dOYCeN,acraney8z
325,pthurlby90@imgur.com,kC2.8SscY%jG,zputman90
326,apoynzer91@forbes.com,"kQ9\+Zx,",cbrookfield91
327,rosesnane92@amazonaws.com,pP1?=L%y5eK!Nb,brobberts92
328,sloudon93@typepad.com,hX9>sUE$'NjAnTNC,astayte93
329,jtimmis94@omniture.com,fC5)M#EGOG!.,ihounihan94
330,wmeeny95@xinhuanet.com,"yJ3,Io?R8B5",lmcmearty95
331,dtownsley96@senate.gov,zJ5%p5di.=_,bgaffon96
332,enorthill97@mediafire.com,vR2='$dRnRbZmQA,jmounsie97
333,mlong98@amazonaws.com,"eE7`/Kk,q",hconneely98
334,sgrzesiak99@tripadvisor.com,"aR3""7~'@KYrD",ushatliff99
335,tmatusevich9a@sogou.com,jZ8!'Q(*fLk?{,kianinotti9a
336,ebelle9b@taobao.com,wB6{n{e'$}{$W9,sbacks9b
337,odacres9c@foxnews.com,"sG2>cTk""",iwooler9c
338,dyakushkev9d@sfgate.com,dM6)8Vsib,mbordessa9d
339,nchatelain9e@dyndns.org,"kL4`""8n!gEMdm`",imilkin9e
340,aaitken9f@tripadvisor.com,rR8=8$gn,gpagelsen9f
341,priding9g@tinyurl.com,"aH7""2thXPs""6+kt",arubinek9g
342,gstart9h@mozilla.org,rI8%p~p`,mhadcock9h
343,cjimmison9i@mayoclinic.com,vC9!ynwWZAo_,bahrend9i
344,lshoemark9j@huffingtonpost.com,cU5<~~8sVK0%h,ckilmartin9j
345,cpoure9k@hugedomains.com,mW3.3=VJ,mglennie9k
346,dlearmond9l@cdc.gov,wO0*\%uPg!.RflN,msheeres9l
347,ftomenson9m@ocn.ne.jp,cG4&*FUq1'yuN,cpearcey9m
348,dlowth9n@creativecommons.org,eM2@M\@Zck`,areap9n
349,gassender9o@aboutads.info,bZ0>Mh\7hBt4|BP,kprestedge9o
350,svarndall9p@php.net,"lL2+,D!a?3{",dgencke9p
351,hgoldsmith9q@spiegel.de,oR6/d*T_!!8,msyvret9q
352,vfalconbridge9r@sciencedirect.com,xA2*HAn\UE//1F!&,klowre9r
353,jblacksland9s@fema.gov,"aI2~z9l)QHCe,3V",gklimmek9s
354,vrayner9t@mtv.com,yL0(FR*o,mfishpoole9t
355,lferraraccio9u@berkeley.edu,qH6$RfhRoOJ6p4,spettisall9u
356,chouseman9v@vkontakte.ru,wA4!=UV7),imathey9v
357,aposselwhite9w@thetimes.co.uk,zS6{|!3U)XksA<,nmartins9w
358,phallworth9x@patch.com,pY1+EL(fuSz6,gburrett9x
359,lwear9y@twitter.com,uS4={T_<f$A{,rrupel9y
360,wduprey9z@drupal.org,lN8&_H$bS6)`w1iZ,jbeesley9z
361,plunda0@hexun.com,cO2_m{iC|!p,vcranmerea0
362,ltregidgaa1@linkedin.com,gV3$hNkB},mamnera1
363,csanzioa2@smugmug.com,iP2%#sEQ,ldrinkelda2
364,ecragga3@opera.com,pI8.weB1/S,dgersama3
365,sboyacka4@amazon.co.uk,zX2#hP?eNN,bparmitera4
366,dbellama5@behance.net,wS7&$'p?_1,kjoiscea5
367,jedgecombea6@a8.net,fH7>Ks8At,skupisza6
368,kchapelhowa7@miibeian.gov.cn,nB1~%gAO<,ppersenta7
369,bpoughera8@gmpg.org,"pS6%qYtONL""&S87",hedisa8
370,nmatonina9@seesaa.net,wK4><NZu1,ftrenama9
371,tpondaa@archive.org,"gW4{Q""3SVR`v_{_u",rbernaldoaa
372,hsimoncelliab@yandex.ru,"jV5,5)Lc",gpetrelloab
373,idunckleeac@a8.net,sM3\yI(P9TQ0W}c,krennenbachac
374,jhinkesad@examiner.com,qA0.aw(b@1c,mbrunnsteinad
375,sdurkinae@vistaprint.com,pJ1)s|@AkoJuI43,ehalletae
376,dsimonsaf@washingtonpost.com,uZ3~WMSwaX,hcasottiaf
377,mblackwayag@mayoclinic.com,aE4<CjeG(G,byankeevag
378,igrinvalah@weebly.com,pZ3{8ud$no,vkindleysidesah
379,ckilgallonai@discuz.net,"iK4%Z>4d,vB",ibunnellai
380,sollingtonaj@artisteer.com,uN9?rb*e,elarouxaj
381,cmcgheeak@imageshack.us,"uO7)o0n_t,",camerak
382,lgrundonal@sphinn.com,xO6(vsa%Ur\bwmc,ktewnional
383,mmauseram@nsw.gov.au,gL3$gZvf=,amcelhargyam
384,tlathwoodan@noaa.gov,"wQ1(<!6""<",dgoldthorpan
385,jmateuao@squarespace.com,sO5}lB#FfkwY_,acalderoao
386,mtubblesap@livejournal.com,gS2#RTD&,vwitcherleyap
387,sibbetsonaq@cam.ac.uk,wK7}}=C7HX*#,kbrummellaq
388,kmcimmiear@accuweather.com,hX7>#rfSKH$9,pbollandar
389,anattrissas@go.com,wE4\iLHU{cw,lmantrupas
390,rforestelat@yahoo.co.jp,mU2(R\8GIj6d6,hjagelsat
391,ssandemanau@uiuc.edu,fX1{*`n3(,hheakau
392,kmintramav@oracle.com,"gB2}Il#G$F,&Rb",cconnowav
393,lwillmeraw@japanpost.jp,nJ4\?SP`tKL9_I,aetheridgeaw
394,mmccrannax@discuz.net,fZ9%)%4f5W53Y,edesmondax
395,cganningay@hugedomains.com,"dO7>oL%&7y=?Pq""R",gbowlandsay
396,astormonthaz@alexa.com,"vU4$>L<,xi?",gjohannesaz
397,smallalieub0@tamu.edu,qY6_PYuv0eJooQ,bivakhinb0
398,wpoteburyb1@google.co.jp,jJ7.m&`8iU{,hgrimmolbyb1
399,pcoupeb2@guardian.co.uk,lW0<v!b%/_Lc',gleheudeb2
400,dkubecb3@jalbum.net,xM4/e3m@tbEwCs,cbeautymanb3
401,mheinleinb4@abc.net.au,"cP1""ZEBn*h'd*w",vfeverb4
402,cvaninb5@joomla.org,lZ5`1Y'<'}jQ,dhaniganb5
403,afewkesb6@angelfire.com,mP6>(_'8e&<z9,lechelleb6
404,bgullenb7@springer.com,yA8&Q(a2j,rpyeb7
405,lbestarb8@rambler.ru,tA0\s9*mu+u5W`zS,gboathb8
406,cbrowerb9@dropbox.com,fN1`8zMj8Z*!Xm,rbountiffb9
407,fblakeba@hubpages.com,zW7|}E+J.b@k50,lmccullyba
408,dstoffelbb@csmonitor.com,bV4\(_i)0F.'l,mdoersbb
409,khinnersbc@elegantthemes.com,"mE4'9D_,S|!XHp",bglederbc
410,kglanvillebd@princeton.edu,"lR8|)Y9,e@",bgotcherbd
411,hmangenetbe@mac.com,kN4%tP\)dNTRXB_y,calexisbe
412,bthirwellbf@miibeian.gov.cn,tE4!yX*gI#,kshrubshallbf
413,gwilseebg@intel.com,aW1?$CQ'v*'m,ravrahamybg
414,lbakeupbh@blinklist.com,tK8\gNrU@%I@E6Ar,yrichingsbh
415,ddruittbi@jiathis.com,yR4%bAkdU>6,rcastanyerbi
416,klarrawaybj@csmonitor.com,rU2<7VJc7Fj{A,ncorsanbj
417,kganiclefbk@ft.com,"mT3(.*?`""2*>j+`G",tdecastribk
418,rsalvinbl@slashdot.org,"fV9}=,'6",bpillingbl
419,hbanasevichbm@shinystat.com,pG4=yq>s,nkersawbm
420,htowebn@free.fr,zG6`uHwh,rensleybn
421,rscoularbo@paginegialle.it,lR9!ekLIX,dsliddersbo
422,pcollumbp@google.nl,iM6<rZ/Gg=,bakredbp
423,pgookeybq@skype.com,tQ3~Ltfqlr~,jcreusbq
424,tcrocombebr@163.com,kE8{ZU`lAvsIH,drodnightbr
425,emundlebs@opera.com,"lS0{w.'P""41go6(M",hblackbornbs
426,pdennertbt@google.com,vB9(A'$}s09=<pS+,hbyattbt
427,tdeavenellbu@typepad.com,yW9!mV#eYWn,smolnarbu
428,demerinebv@instagram.com,bS6+XqR#C)5,darrighibv
429,vteglerbw@scribd.com,lP8'..2ti*7z,wmolianbw
430,jeakebx@liveinternet.ru,tV3(MJGa`,troskellbx
431,jwadelingby@nydailynews.com,qI9.6`4_+VB9~P,alarosaby
432,nwicksonbz@tuttocitta.it,tL2@o>T0,cpemblebz
433,wmacgahyc0@unc.edu,sU0+pUM\NX.gNAq,rtissingtonc0
434,tsinnockec1@pinterest.com,"uH6~jr'<Wk,IBZr",cjoycec1
435,sdupreec2@facebook.com,lD8>GmjT%TSlnx4_,sstertc2
436,vmethvenc3@weibo.com,aD5@CpadmI\}G,kmccomasc3
437,psheerc4@time.com,"eR2)ll@d1Xd""UXt,",sspurnierc4
438,cjanaszewskic5@blogspot.com,lL7+of_dR$h~,cdahlbomc5
439,cmaciakc6@theguardian.com,"mF8{j'P|v,{t)%HI",slosemannc6
440,mjukesc7@sciencedaily.com,lR3+$3Gt1Tq=oOMa,johonec7
441,dgeffenc8@bigcartel.com,bL4~319oNYQk_f/,croystec8
442,bahlinc9@facebook.com,eF5\EASZF,ccortesec9
443,bservanteca@hexun.com,wM0%E>CTx(h,garensca
444,wcrundencb@fda.gov,iP0}=cT#i<w!MVp,cwrathmallcb
445,ejozwiakcc@ezinearticles.com,rF7=nzg0>%!Y/,ekinforthcc
446,brytoncd@wsj.com,jH0$#U#$y,apopworthcd
447,vflanagance@ameblo.jp,xL0*vn_@.E7W0te6,bhickissonce
448,dfentemcf@telegraph.co.uk,zC7)d*}8,mgladhillcf
449,cfollisscg@sohu.com,uU7`&O<pv4,echaudhrycg
450,rcubittch@engadget.com,kJ6<R\*/@8P3'PWS,esterrickch
451,mberfootci@opera.com,"iP6,`(k2<aV!@",rcondieci
452,mdroncj@php.net,"sJ6""7<tVK",gstorckcj
453,dgodartck@chicagotribune.com,jA4'aUy.6*#Qo,ccolvieck
454,kgrumbridgecl@4shared.com,nH9%@@p%r.?/@i,gevennettcl
455,sbimscm@rambler.ru,gL6=u6!6'~AZ4,crachuigcm
456,rrattrycn@mozilla.com,eM7<\S7UV,nteodoricn
457,mrubesco@oracle.com,sD6$Zb%Mey~$,sgraffhamco
458,amactrusteycp@tinypic.com,"sU1,y}iFt?2>xX",cproschcp
459,pthorneleycq@nih.gov,dW7`0.T|85Hj,aolechnowiczcq
460,asnowdencr@gizmodo.com,"jS0\~{5,+\jb`m,J",charrycr
461,nvodencs@google.co.jp,aW9.0zzo|g<\{!@_,mhellekercs
462,eeveristct@angelfire.com,fV0(LE+wv,opainect
463,bcrossfeldcu@dmoz.org,"dC9!?=h,~\p",kroggerscu
464,tpomphreycv@ovh.net,iE5+SR}Ol@Zi'b,boriordancv
465,gbeggiocw@usatoday.com,"xE7<,j$USC}",rwestcarrcw
466,cclimarcx@ihg.com,kP5)qBdCY}fd,acameliacx
467,gfortuncy@economist.com,jY6{_mpKdr{,pkorescy
468,ebishcz@etsy.com,oP4}#E+sf?,wlawreycz
469,esavild0@plala.or.jp,pS0$W+ZbNRpnX/L+,cbodycombd0
470,kprofferd1@hao123.com,hN1|&`x4&jTT5}r,kgrisdaled1
471,eboribald2@vk.com,eL3`*5Sc>SD`DT,eballintimed2
472,afoucherd3@netlog.com,"eP9!fl""P6\Ut/",bdenmeadd3
473,ceadmeadsd4@topsy.com,oB8+ZoJ+t(6'3SH,mkeyd4
474,kalexanderd5@dion.ne.jp,cU3}hE/2WmKzp3g,sandord5
475,jmulherond6@mozilla.com,"cL5(2,RMR",mhurticd6
476,avanderlinded7@wordpress.org,pF3{4%RH8!(zeV,rlivettd7
477,jpucknelld8@trellian.com,nJ8`gK7KXLDe(zWn,cantwisd8
478,gcoild9@prnewswire.com,fF6<%y\p)3b+,jhampshawd9
479,mprynneda@ed.gov,sZ7&Df}{u,sduguidda
480,fcaudledb@blogger.com,iI3~scrJ=,rwaynedb
481,rmoughtondc@imdb.com,qY0+g>#i,rrennarddc
482,barchibalddd@reference.com,uP5{0l3OA,bpresterdd
483,cfildede@webmd.com,"zM0,#05>5lrSS",igladbachde
484,kjessedf@omniture.com,cR2)Og}!A>agd>En,ktesyrodf
485,rassaddg@shop-pro.jp,dQ5>|JH>Dr,rdandreadg
486,mtumininidh@cornell.edu,gR5&XXp}cbn,mstrangdh
487,ghartildi@google.cn,aN5<MuA2?y,kbannondi
488,gdumphrydj@ow.ly,hA6&Z6yEC3.E{J|(,nvanarsdalendj
489,afarrantsdk@unesco.org,"gK1*La,07",rdunkinsondk
490,araycroftdl@mit.edu,fG1}jg6)yvYOm>?n,pmcminndl
491,scraggsdm@ed.gov,nH9|*lst\xCK~,pmaclaigdm
492,kgarreddn@merriam-webster.com,cV4`v(Pa'KLoBQl,amatselldn
493,tarnelldo@a8.net,bJ9.wL{CUJFwy\5b,echallengerdo
494,tziemsdp@is.gd,pO4#8Z|qCG|H=,rdeminicodp
495,gmccoskerdq@hubpages.com,rY2<CDoA,hdarkdq
496,khalburtondr@reddit.com,gU2`1$}&ysA0Vu,gpennialldr
497,astutelyds@ucla.edu,"pI4~5JDm""zP",jcorpesds
498,cherchedt@bing.com,kN6~BB{q,rfigginsdt
499,rfawssettdu@tripadvisor.com,aD4)xZ$HC,dkolczynskidu
500,ccanwelldv@zdnet.com,"uD6<rSU,",wdowningdv
501,casplendw@dailymail.co.uk,pO9\kOwY/BV,mlupartodw
502,mborlanddx@ustream.tv,cY9*ICnu,rpondedx
503,apritchittdy@nifty.com,jS3(/y4R?h,ffollettdy
504,pgounoddz@google.de,aE4)fLZ~5,ngabbottsdz
505,jsunleye0@msn.com,wO8!m}?LHo&mw,kgallowaye0
506,tgilliese1@google.co.uk,tQ4/b>d%&_&c4LK,dblundine1
507,bkoppe2@indiatimes.com,"fX7""(`h{n<y?",mmarnanee2
508,ahargravese3@ftc.gov,mN7#~+bwomgSH,aguinerye3
509,gwonfore4@vinaora.com,yI2|v?DN/,aelane4
510,ymallione5@clickbank.net,rW5}{.PG,nboyere5
511,jgrolmanne6@goodreads.com,nI4_N)D.,mpascheke6
512,bkemmeye7@jiathis.com,gS2<}#y&,mabdeee7
513,bkristufeke8@salon.com,oD7}/pqqs),mmasedone8
514,ngreschkee9@shop-pro.jp,kN7$s&dCYtN,aknaptone9
515,jsigginsea@dyndns.org,cP3`9)&z3PR*\$,tportisea
516,vmaccrackeneb@cbc.ca,aX9&{4+3`b.#?4T,jattwoulleb
517,sivchenkoec@live.com,"zR7'C2S(~GJpjk""m",fdashkovichec
518,jdinzeyed@goodreads.com,lD6}c0p5P*sv&eL,namored
519,kpearmineee@ftc.gov,mB6&djgP2,wsurgoodee
520,mperaccoef@prlog.org,zC0{i9.VYx,rlambinef
521,clanteg@topsy.com,pP1'.BB|w3>S*ZUn,khakonssoneg
522,msallingereh@gnu.org,"tJ0"")$V'F4+Z)z,",cdrengeh
523,mliepinsei@privacy.gov.au,jD0')*~@{FryQOA,ckettlestingei
524,jbirchettej@slate.com,tQ8`>hJD,mcanadasej
525,dbrockingtonek@oaic.gov.au,"xS5,MR,$!YkD/885",mgovettek
526,fburkillel@ucoz.com,qX2`nxlaU&qUldX?,ehillel
527,cfluxem@discovery.com,yG6$vy2<\,kblaverem
528,alinesen@marriott.com,dS6>zt=q,klisimoreen
529,rbenteeo@admin.ch,uX9)0u`1LLLR0,fluckieeo
530,yokennyep@storify.com,cG2?QNSFhN,awickhamep
531,bbrosieq@ucsd.edu,qE6}?11l$(BVV4=b,cgallardeq
532,jzanucioliier@tinypic.com,"iK6(LnN`A5"")4",ywilcinskiser
533,mgiordanoes@issuu.com,jD9}Emo&K`(gn,wlillicoes
534,gcomeret@cloudflare.com,nS1_Qt${Yi,cskillinget
535,mshakesbyeu@hao123.com,yP2}sSEJFmZ,bwaadenburgeu
536,ljedrasev@ycombinator.com,nW9=2W/3cH>0r~_,jsackeyev
537,dbarabischew@marriott.com,iJ3`q178Q8,vqueyosew
538,rbaggianiex@army.mil,"zG5.X!/,1`Cgx0",smassenex
539,gsymcockey@omniture.com,tS3(9MSop4,gbarenskieey
540,gwristez@umich.edu,yC2*}r)VQMTI.,jjoreez
541,hmullissf0@bloomberg.com,fP9<Y)/n8k0xbb,mroddellf0
542,dgatherellf1@msn.com,xI3``c<qfHSp<JM,ajirzikf1
543,fseawardf2@wisc.edu,wZ3\{uV%N}%*,bmagillf2
544,yvaudf3@tinypic.com,"uM2,Hsa|,MuTs",mmatteuccif3
545,rrozetf4@hostgator.com,uU8$z&Z9}$u\.,zhustlerf4
546,rkornilovf5@cyberchimps.com,aG3#~{C.,kskentelburyf5
547,kthorroldf6@mtv.com,cB7(K8DY_,rbaldamf6
548,kgalgeyf7@wikispaces.com,"vE0|,F{j&",tlicciardellof7
549,mshorthousef8@lulu.com,bN2?lZT\LhF58HJ,emoffetf8
550,thalfhydef9@theatlantic.com,"gN2{Ag,5nu",akliemchenf9
551,cdaniellifa@histats.com,"jH9)@w}2>""gcn",ehentzefa
552,dridgerfb@google.com.au,pH7*pc84HLzyOz@,rposselowfb
553,fpetersfc@skype.com,aP4)Sjp)JK#<,ejedrachowiczfc
554,fboisefd@opensource.org,wK1*V1mUj,emcquodefd
555,mpreblefe@livejournal.com,oE9.H9udJZ|/@,pbreafe
556,amistryff@va.gov,dD3{|FcNNX|,ctrengoveff
557,sbenediktssonfg@gmpg.org,bV7@rWa`W@o{M`>,wgerataschfg
558,bblintfh@europa.eu,xT2>MRGG6,rdehooghfh
559,rmatiashvilifi@naver.com,xJ3>Y(%gz<C,jschwandenfi
560,eagnewfj@moonfruit.com,vO6||HcPzE0I`7,jandraschfj
561,dboumphreyfk@wordpress.org,iC3'gOuo5,sklishinfk
562,ngoodladfl@hp.com,eF5'=TVxk>,wjirakfl
563,ctrippickfm@fotki.com,qY7)X4Nx,rcrippsfm
564,pmcclintonfn@com.com,"cB9,(rP\FnV$m",llandreanfn
565,wkibbeefo@smugmug.com,"oC1'`9`KrwcYP,}",mlustedfo
566,rshepherdfp@typepad.com,aA6)#rJ&(??c>,jdaggfp
567,mattardfq@imageshack.us,fG0!?P7Igi=Q7Ud,gsifleetfq
568,uhanfordfr@symantec.com,"bC3'v*|a""#,",bhurdfr
569,cmathelyfs@weebly.com,fA0~#|>.z\G,challowesfs
570,bshurmoreft@virginia.edu,kY3(JzT$cm&,wfiellerft
571,bmucklestonefu@123-reg.co.uk,dY4+qpEBdM@T3,kanlayfu
572,atynnanfv@prlog.org,mA0_CzEJIo,cfantonefv
573,dgayfw@networksolutions.com,"zK1|J7+7LiX,~Ol",abullonfw
574,ehendriksfx@cbsnews.com,hZ9?#ibMEJ,gmorefx
575,csydryfy@youku.com,lQ1%fSu.j#9,kscanderetfy
576,gvinafz@ifeng.com,bR4@7N8}a=d@X>,lbirchettfz
577,rpettingallg0@meetup.com,fZ6~eyDT'jglK,ewalerang0
578,cdupreyg1@si.edu,hR5+6y'fH@4}8BmZ,cgooddieg1
579,sgenneyg2@admin.ch,qF2\N_C#'v`'d0,alaiteg2
580,nassardg3@sina.com.cn,"eC9+*M,<`u!5{`",cblazig3
581,hkellardg4@ocn.ne.jp,hH2#'mm0s#FXf,ckunzelg4
582,ckwiekg5@i2i.jp,oC1<guU`)y2'A'y,tduquesnayg5
583,abatecokg6@irs.gov,kB0)w9i*E,aballantineg6
584,grayltong7@wiley.com,"cU7*f*""De@7",brudolfg7
585,kwillavizeg8@blog.com,mO2=aEk$,kbraleyg8
586,kgoodhandg9@youtu.be,oO1?w@O6}P\.w,aturbefieldg9
587,acowopega@utexas.edu,xI2>/9(#t,mblanquega
588,akalkofengb@de.vu,pH7(8J!'#(A,sthayregb
589,tslowangc@icio.us,"zS2&&""8IU7,",sboulshergc
590,rgombygd@hao123.com,"nS8""x+m))",kosullivangd
591,pdogege@yellowpages.com,"hI6,XhHYh",ckleinholzge
592,shenrichsengf@unblog.fr,eY3%HL${BZ,skleinstubgf
593,khughlockgg@cdc.gov,vA1{>OG2+,gmermangg
594,dfassbendergh@bravesites.com,"uW5>`o{X0?Nz(""Y",sskermergh
595,bhannangi@omniture.com,"qB0,T`s9e`X5c_",hferrinogi
596,aloriegj@census.gov,pB9$|_&{|Hx%,lmcpikegj
597,madkingk@si.edu,uA2=w<Sij4%Ml(D,ccheakgk
598,tcorringtongl@ihg.com,xA1@a}nxwgim,rjanssongl
599,tannakingm@pinterest.com,cW7(DO'@%I>JW,svaulkhardgm
600,erichensgn@house.gov,"kF2,Vr4VV*",abishellgn
601,jvasishchevgo@princeton.edu,yB7#\F$LIfZd,fmcmonniesgo
602,zgraddongp@blinklist.com,pZ6~rvv&cT,bsmythgp
603,brobilartgq@dyndns.org,"rT2\SJ/#EJ*,7\I",binglesfieldgq
604,lvandenoordgr@yolasite.com,vM3)OEm(7Kd*cwr,rbrookwellgr
605,sbartulgs@tinypic.com,eB5@8TKTDeti=(,fgeorgotgs
606,kdjokovicgt@gmpg.org,mD6$s2f'6u,jraulstonegt
607,rperettgu@pcworld.com,kZ7\~*Rt,pchanggu
608,vtouseygv@ycombinator.com,oU9\E=rhMEnznQG,rjenteaugv
609,ccreanygw@techcrunch.com,vN3$4(~`x>M&i,alithgowgw
610,dnuttengx@china.com.cn,yV7%Ubd%fBjUM,mcoitgx
611,agonggy@theguardian.com,xW6#}LVjMSp,mhubangy
612,ewitnallgz@prlog.org,"sG2""zd%i0|E~xrzQ",adunangz
613,sbrunnsteinh0@bandcamp.com,xK5?(J'VH*Q,cfawcitth0
614,rghiriardellih1@blogger.com,lW9&GpW{kS.V$,itumiotoh1
615,mkingsnorthh2@vimeo.com,"tC5,r""""2jTx9zW",kdunckleyh2
616,cwyllish3@arstechnica.com,kZ4~T3x/efq)<S,gbakeyh3
617,ecallwayh4@si.edu,wS1'w+am)89J*%,sbradforthh4
618,smillandh5@kickstarter.com,"dX1""|'.J.9",edysonh5
619,oduhamelh6@ihg.com,lH7?r0Zy(EFi5,dwinghamh6
620,ayglesiash7@taobao.com,"wH8\vwWxR0""JV",mvaseh7
621,dfleish8@mac.com,cF6!\Z$hi\SL,clillyh8
622,cfredianih9@cam.ac.uk,"nV9~w1""9`z0l$5P",mpotkinsh9
623,cdibiaggiha@techcrunch.com,zJ9@npBUgGeL>+Nq,slivelyha
624,amullinshb@live.com,hG2%y%G=1+,shenryshb
625,ktorrancehc@ezinearticles.com,wC5'=fnq*#V,mmustohc
626,operciferhd@multiply.com,fL6.zo(5cuvg,dtibalthd
627,bmartusewiczhe@xing.com,"iZ9""!'331CYhT2",ltockellhe
628,dvanbruggenhf@clickbank.net,"aG4,.A_f@'",bbealshf
629,ashearahg@disqus.com,"kN7.rru9We,Z@3Z=",igentiryhg
630,xtorveyhh@tamu.edu,"nA2?Lu,bWu@+yH0Y",enibletthh
631,tgauldhi@prlog.org,dL2_4h0L*'T<DN,jpepperillhi
632,csavillehj@yellowbook.com,"sR7)@zHvI5.0,}Ws",asomerfieldhj
633,ahowgegohk@washingtonpost.com,"mI0,&7ytUb2.X}&z",rtrapphk
634,icramphl@spotify.com,lH7#U%.?,lbarribalhl
635,tlovstromhm@goodreads.com,gS8<*KGLwc8jfH|,dsextenhm
636,kkleislehn@so-net.ne.jp,rB6#w8&t\,kfinnemorehn
637,biglesiasho@independent.co.uk,eE7@Wy)<b7I!_ohp,jgiraudelho
638,deastabrookhp@craigslist.org,"qJ8""8)*!",mevensdenhp
639,nscoginhq@domainmarket.com,bJ8~=x2<FDoy,mgelderthq
640,aglasgowhr@nih.gov,yW4*%mM_y{WI,wpetrishchevhr
641,rharmsonhs@craigslist.org,hE4}qP>DSRW,guccellohs
642,alindborght@blogs.com,kG8#XM*=CkGx|S,kkillfordht
643,lmcelhinneyhu@rakuten.co.jp,dR8`mEeOs},dblundenhu
644,gbramhv@fastcompany.com,"aE2(""N_dDPXX",gouldredhv
645,bemanuellihw@joomla.org,"rL8.xkR,*U2Mk>3",draxworthyhw
646,ifoskewhx@ocn.ne.jp,"zU5*kPx,a_ZX",acanaanhx
647,chambletthy@businessinsider.com,pI8+{6IJ=p,bellingfordhy
648,chowseleehz@biglobe.ne.jp,iN9'w{G@f\Qw,kpawelhz
649,kfawkesi0@ezinearticles.com,"oM2\&%GV,qCA!",jcundyi0
650,aleversuchi1@squidoo.com,wE3.u%mU,dbrinsdeni1
651,idraxfordi2@quantcast.com,iR4{G`7KD$cTq,dprincei2
652,sbaudeti3@apache.org,aL0}WhKQIM'm@E4,swidgeri3
653,rhartwrighti4@google.pl,zL1'9)oy!2znY\n,jbutfieldi4
654,emounceyi5@e-recht24.de,zD3*CAcN>O)QWN,tmathyi5
655,ddickeni6@wikispaces.com,qM0+U?v@.,rglassoppi6
656,temmoti7@wp.com,"rZ2+Jk4""%M3",mdimici7
657,tsoldani8@slideshare.net,"fV1,I#fbD#6!",jsoroi8
658,smoinei9@fc2.com,"kF7{eWW5d'm5m,",dvenneyi9
659,kmongainia@chicagotribune.com,pE9.rTl8D8!,edooheria
660,sfattoriniib@xinhuanet.com,"xH8,\_6xhy6}61",fmccloyib
661,lilieveic@vkontakte.ru,"oL8/~Y}vU""Ka>eSn",kmccullenic
662,csweatlandid@trellian.com,"yO3',(#q+Wl0G'",pkermitid
663,gpowie@4shared.com,iH9?EE$',ltaleworthie
664,mcareswellif@com.com,pP4\EmEoFG=.A5b,iloncasterif
665,vwoodhamig@nature.com,vE0*IF4%OL,tstebbingig
666,vsigfridih@soup.io,sF3`eqb?w,rkiffih
667,drevenii@mlb.com,lM5>AdCLc5C_w,ckernoghanii
668,ksutlieffij@issuu.com,tN1~`|g|0*!|O,rbuckstonij
669,adebeauchampik@cdc.gov,gI9#Kl3x\,mkelcherik
670,bmackimil@cyberchimps.com,jC3|!THLQFy,kperottiil
671,mfraneyim@blogtalkradio.com,dQ1|%lJl,bvarseyim
672,gteodorskiin@mapquest.com,wJ5)nj&FRAZe$7R,kbraksperin
673,ycurthoysio@weather.com,"cS2$k3`cwVJ""",drodgierio
674,ehitterip@bandcamp.com,bK2)%nLM3,ctavernorip
675,sledramiq@go.com,sS2_Y?{'<,fquiddingtoniq
676,jbalkir@eepurl.com,"mV1\LuL_""4F&=G",rkayleyir
677,vlorensis@etsy.com,tI4'NKYXxp,bbarokis
678,mgayleit@ow.ly,nT4%NSq6C9Rd,mridingit
679,kionescoiu@google.it,"sZ9~U""'88R<syy7",ojorczykiu
680,nprazeriv@etsy.com,kS0+$Mpk./b<{,itraysiv
681,kcockadayiw@zimbio.com,nN7+SZjYP,wmerrelliw
682,jfarebrotherix@geocities.jp,"aW7_2,eQ?),=t",hgoodyix
683,cminguetiy@virginia.edu,eR8/X5OUhb&q,bbrokenshawiy
684,mlapreeiz@simplemachines.org,yV3@*i=pQOc6,thunstoneiz
685,obenedekj0@scientificamerican.com,mK8)y_U7ULdl7S<x,fbrasonj0
686,pallwardj1@gnu.org,zP7%mU`H%j,cgorhamj1
687,kgrousej2@yale.edu,oJ1#)U~2&SzL}5\,gmannevillej2
688,gpretorj3@acquirethisname.com,mH2''6j<9so,jingrahamj3
689,bheinzlerj4@usa.gov,uW1\>{Eq3mHZ*'R,mhurcombej4
690,mjerrimj5@bbc.co.uk,fS7>>XG38,mpenburtonj5
691,dtidboldj6@accuweather.com,lO5@~5t*'{)@,jquilleashj6
692,lgroartyj7@mozilla.com,qR2&qi)@D2|,bgaitskillj7
693,npoulsenj8@hibu.com,eX6*{5b3N,atinceyj8
694,rbintonj9@tripod.com,xQ1@F9sJ,splayfordj9
695,mmaskewja@dailymail.co.uk,"uF1?tm<,}vUS",vhulksja
696,vbalkejb@bing.com,yT0>2Gf#U/Yl<e,bfowliejb
697,cserotskyjc@harvard.edu,"cY8%q,1jpMs",pmccorkindalejc
698,cberndtssonjd@google.es,jS2|pSw`'D/u+,ccockarilljd
699,rwadelingje@joomla.org,vS2@5hHH@N@#sg3,bsiddeleje
700,wvasyukhnovjf@chronoengine.com,fB8't0u7),ddelayglesiajf
701,rdruhanjg@statcounter.com,pF5<%%$J{AX>@m1,imaccullochjg
702,pstockalljh@columbia.edu,gU4=c*IpzC<N,wschildjh
703,bhabornji@people.com.cn,"mV7""c0$,e",bchownji
704,rmadelinjj@example.com,sS3}OO$>6~7q&.,ziglesiasjj
705,bmagnusjk@facebook.com,"pV7@Cf6k,fJp<'%!",eranyardjk
706,ntrunchionjl@usgs.gov,yL5~#gdb+M<,ckynochjl
707,lsauntjm@freewebs.com,"xE1&TlG$<"")vF",tmeasuresjm
708,rwornumjn@biglobe.ne.jp,aO3'1Rwl}z)5,dpennicottjn
709,rhoveyjo@adobe.com,iR3'+/2vyfj+,rslocombjo
710,mkeeblejp@mac.com,"xS9""|t~R+Upl",lgullanjp
711,tbaybuttjq@slashdot.org,jV9)3J(X5kJF,cpoolmanjq
712,rdixeyjr@usatoday.com,pG3}/r7X,dhaggusjr
713,bdoddrelljs@hostgator.com,dH4$}(oN!a<_x,clawtiejs
714,rriggertjt@npr.org,pF5&EY.F,alawlingjt
715,wbettanayju@google.com.au,zN1|P6_bw,spenchenju
716,ecormodejv@creativecommons.org,wP2_s#1#K#f'YB,chowseleejv
717,kmacnellyjw@taobao.com,bE2+ASBtR5l>%,dbuckberryjw
718,lmighelijx@cnet.com,pI9?@XNEL#,clorimerjx
719,bgilbanksjy@gov.uk,"pX2>mu*O,6",fmartinotjy
720,wrysonjz@bandcamp.com,"gV7""NPa6|Nr",witskovitzjz
721,mlangank0@yandex.ru,qY6$Daejz/7LR2H,ldornk0
722,sdumbltonk1@yahoo.co.jp,"wU7=,`mRDC=",scoochk1
723,ksainterk2@baidu.com,tM2<J5j8#3I2Uq,ganersenk2
724,kavannk3@tumblr.com,oU6|sB5MTIQC~rI,gstrangerk3
725,dcorkek4@upenn.edu,"bR1,Xjwoc",jcarverk4
726,cwiszniewskik5@google.co.uk,"rY8(oQAR,Zw%C",avallerk5
727,msparshettk6@dagondesign.com,qZ6*D80rTH@xuI,eargilek6
728,cmannionk7@sakura.ne.jp,dM2|USNVaP,mbaudtsk7
729,dsellank8@thetimes.co.uk,"iO3""PfXE`",sharvattk8
730,npenrethk9@globo.com,bB9&g!e'rd@,aperduek9
731,lmckeachieka@soup.io,pW5/n(!ddKLO6W!,atweedlieka
732,nfaradaykb@google.com.br,"bH1,""iu2",sgamekb
733,istreetskc@tiny.cc,uT9}sq(VpETzP,cpaschekkc
734,mmalmarkd@va.gov,bT3|+IQ|RX.O3V%@,teldertonkd
735,jeggleke@wired.com,iH5$=n*7Fq,fstroudke
736,bedgworthkf@eepurl.com,nP7>Ji*Z=Wk}In,vbastonekf
737,aspridgenkg@people.com.cn,oC0&Ix4qxWA7,pfranzolinikg
738,hburvillkh@free.fr,"iF3`=9,Hf*N",tstringerkh
739,ngainsboroughki@amazon.co.jp,dD8$@dRahw,bbeedonki
740,ggarrickj@tripod.com,kK6%f$=4w,mchristescukj
741,vcloutkk@ezinearticles.com,jE2&z$neW_+\AiU,lheinrichkk
742,cmasonkl@mozilla.com,nQ7!XT#lCBT_?4,hseverykl
743,lmaystonkm@unesco.org,dO1'r1\N8#Rp*,fgrahlmanskm
744,ybedburrowkn@statcounter.com,uO5@$02(gm6,ehimsworthkn
745,wgreenlessko@gmpg.org,oG8!jXCh_eC*lV,dbeamandko
746,aheymeskp@google.com.br,hK6?hx5bm,gealleskp
747,nshimonkq@clickbank.net,"qW1""Z`{$=*J>1%)",rarnoutkq
748,hfreebornekr@pbs.org,wY3}E_&\Q#,rmccroftkr
749,orookledgeks@fastcompany.com,sF8+WKfZak,lfickks
750,cmaultkt@usa.gov,nI7<mePAGa3d,ddcruzekt
751,tstirripku@youtu.be,"wC2""14\kl,R$.gL",estainesku
752,rmurdykv@prlog.org,sF6@LW4@Dq,marnottkv
753,lartisskw@sina.com.cn,hV6(HBr%s'z,jschellekw
754,dambersonkx@people.com.cn,sE7=6tVO,lchessillkx
755,mwindky@imdb.com,"cE1*,Ey!6",bricioppoky
756,dordkz@mediafire.com,tI2!<Q*jG,wpaschekkz
757,hsycamorel0@deliciousdays.com,bV7&mEp0,gglowinskil0
758,csilmanl1@bloomberg.com,"eT1""""#X.pXXB49`",lbordesl1
759,dbaxilll2@merriam-webster.com,oA1=)Nbq#6,mnehlsenl2
760,splosel3@arstechnica.com,"oK3|&%t'TUNE4,)T",kstudl3
761,fcusickl4@etsy.com,yQ4><Y13<Q,hgarretsonl4
762,ifontenotl5@indiatimes.com,lZ2*2_+rO,pdavydkovl5
763,adraytonl6@marriott.com,"hR4}b,xny_'Rz",aivashinnikovl6
764,tbalazotl7@toplist.cz,oT4`T21A5i#w1,tamangerl7
765,zbohlerl8@hexun.com,dP7/w/#@SDlPTH|<,cengelmannl8
766,gurlinl9@vimeo.com,dV1#'QtTE`WK8,rreymersl9
767,mgherarduccila@apple.com,sM6.q9ulNK\AG,beighteenla
768,lfriberglb@tuttocitta.it,xR8!1RJbaV0W7<,gurionlb
769,bgonthierlc@hibu.com,"gA1`HgQO$xx?,%)",slebellc
770,criteleyld@accuweather.com,oY2}\'o3\+P'|ep,omcpheatld
771,gezelele@netvibes.com,jC9$=B_LBagmpz,ltofflerle
772,bhazelgrovelf@netvibes.com,iP9\d3V&ov,bgullanlf
773,nlittlg@skyrock.com,kU9`k=U+k,nprogerlg
774,bdumbltonlh@canalblog.com,nH0@Os(pfX8`XaJ,menriquezlh
775,kduferli@irs.gov,gO4*t2uf~H,ccisarli
776,esitchlj@furl.net,jV2_!T.P#H`,akingescotlj
777,mmarhamlk@arstechnica.com,wM7<qqhd@+fa)p7,hwhelptonlk
778,gpeasnonell@ed.gov,qW7~w7x77IeY,sotierneyll
779,cdunwoodylm@reference.com,vT3'(B>*K/,afrizelllm
780,bdodmanln@ucoz.ru,dD7$c|sAa$)(u,mspraggonln
781,mnisbithlo@usgs.gov,wQ5_RDCWZwhiP@,sjohniganlo
782,nschleswigholsteinlp@independent.co.uk,eC2$K>!Z&kOv,kasellp
783,mloydlq@jugem.jp,"uZ7,A0RdXA8T,A",ldortonlq
784,mkubiczeklr@boston.com,"sF0<2,.!nt",mshaperolr
785,lpostonls@kickstarter.com,bP2@4_~sYwok,ptrumblels
786,fdrummondlt@twitpic.com,"tI8'rSoO.j""Jz",nclementsonlt
787,rdanilu@arstechnica.com,aB4+r6K#,ehastlu
788,wcargolv@dailymotion.com,dI7(?MliA2gMjW,jannetslv
789,mvanhaeftenlw@slate.com,xX9)b0|f!rf.~vZ1,jlaycocklw
790,kcamockelx@hibu.com,"aN3\BOwy<fqWr""bk",vmullerlx
791,rbetterissly@yolasite.com,oP7/}I2>75h,tbaldockly
792,cshermorelz@posterous.com,lK7?a#&2,cliverseegelz
793,mbenezetm0@odnoklassniki.ru,vJ9*P`z=tz{PLKKT,tshahm0
794,rschimonim1@cmu.edu,dJ9&W<LV,fheinemannm1
795,ahalsonm2@cbsnews.com,fK0.H*fv,ksongerm2
796,twoontonm3@zimbio.com,rV8`8j37=u6,cburgesm3
797,sslaytonm4@nhs.uk,dO2!)/e?}NSmb,wseiffertm4
798,awawerm5@princeton.edu,uS4(9y7LTtAIU}m4,ufippem5
799,rnialm6@businessweek.com,lC7`&6uckO,fchalfantm6
800,swestwoodm7@constantcontact.com,zG1(J4q_lxw*,hwaltersm7
801,csotworthm8@toplist.cz,jF4`?XQz,pmacallisterm8
802,mcastillem9@facebook.com,rB6#'A#?EkK,bshureym9
803,zclilverdma@unc.edu,dQ5(2`=7h=O}GoT,abedsonma
804,sholdrenmb@earthlink.net,eM0|9w)'$gY7,pmanfordmb
805,tscarfemc@patch.com,"lT4,FzW?#",bibbittmc
806,knarramoremd@shareasale.com,"nK6_N}p,GT,?|l",egregoiremd
807,amclukieme@t-online.de,yW0*~O6I!xOk1,msmittenme
808,emaccauleymf@va.gov,jD8)5&c6kGWPym,ebisgrovemf
809,mmacconneelymg@ow.ly,rI4@D(OS,wderuelmg
810,jabbemh@comcast.net,rB7+YckRJ#R+emBH,babramamovmh
811,perreymi@wunderground.com,wS8=}_#V2%hP_!6,iroddermi
812,vvanderstraatenmj@reddit.com,sQ5/?Mmy,pmcpolinmj
813,zgabelmk@oaic.gov.au,eN8`zUM3D4&,vmossmk
814,lmateusml@eventbrite.com,"rO0""O.>IYe?",csaurinml
815,whedonmm@about.com,aZ8+48\_Q{,bvanyardmm
816,lbilverstonemn@europa.eu,xY9`CbEeEA(tE&hK,bmctrustriemn
817,ddeblasemo@mapquest.com,pM2&BPnF,fshillabearemo
818,dtundermp@cyberchimps.com,sR7+p3'n>>,cleggettmp
819,gmawtusmq@geocities.jp,rF2*H\?Aq),kpaddymq
820,gmccrannmr@who.int,pV9<rQ1}.os78>,cbartoshevichmr
821,apudsallms@desdev.cn,pJ8!jDKNtwM6\,dfarmerms
822,gmacilhargymt@so-net.ne.jp,pN7/ETQZA!,bmassotmt
823,zscohiermu@paginegialle.it,uQ1)R$\rq,eansellmu
824,atowellmv@baidu.com,bX0{EHkrr,mpendrighmv
825,ftrubshawmw@epa.gov,xA1<~&|=k+)0YJdF,mhickfordmw
826,nkubecmx@naver.com,hD0.}N&|KP$%?,frupprechtmx
827,jdebrokemy@ucoz.com,"fU1@\""8.k9=i!",dkilpinmy
828,tspinigemz@google.com.br,nZ4?_J@A8h,kcoakleymz
829,vthrowern0@shop-pro.jp,"oA6,""Gkd/rs\LJ",egaven0
830,opridenn1@bravesites.com,yQ3%@U+!c\XL,kknightsbridgen1
831,vlovartn2@bigcartel.com,iI5+k@S#<)H1vqj,scollibern2
832,dpaylorn3@cyberchimps.com,kB0`pOTo3OBal>f`,estirmann3
833,rgrahamslawn4@telegraph.co.uk,gI0\>n2Ek}@OMol,rjessen4
834,cbonevantn5@army.mil,gA3*g}52O,apallaschn5
835,ntedmann6@examiner.com,fZ7'LeLqZ.8XFd,bhambrickn6
836,gwaterhousen7@pen.io,xG3.bqtzs8G_\PQ|,nkehrin7
837,svelln8@loc.gov,"sI1,0Z9`|,#.rM",hastburyn8
838,adenecampn9@twitter.com,qE6|w3(>|I{*yz?C,ckingsmann9
839,kvannuchina@reverbnation.com,"hY3""ZPSJ",bbellerna
840,mstradlingnb@pcworld.com,jH7&KNaAXgo?,fidellnb
841,btoplisnc@hatena.ne.jp,"wO0~OeZ""`AT",daxelbeync
842,jpetersnd@stanford.edu,mO5_df615,rridernd
843,kcopperwaitene@xinhuanet.com,"lL8'qBvjy#""W6GE1",sblundinne
844,rstrotonenf@google.com.au,dK3+(iaf('R1!84,kbilbreynf
845,jsowmanng@miibeian.gov.cn,xV9+'x&`>o#7ajN,osweetenhamng
846,mdoagnh@wikipedia.org,jH8.}f35~ALf,tweakleynh
847,bkisbeeni@alexa.com,zG2`Wecq,pbiddlecombeni
848,gdoberernj@ocn.ne.jp,"oS7""QMz*26=""S",gionnisiannj
849,tdefilippink@princeton.edu,zR6/xKCrz,criddnk
850,rsiggnl@comsenz.com,"pG1,c0oJQL",rglaubernl
851,fmechannm@yellowbook.com,kW6!Z?hgKX',mbenezeitnm
852,rdurkernn@quantcast.com,"pY7\0d""Iq6~IE",aespinasnn
853,vlettyno@hibu.com,"rT3!d%,f",cwaneno
854,ttothenp@nbcnews.com,eX2?3wz2K,vpapachristophorounp
855,elarknq@blog.com,"eQ2`E7j""|q!Kt#V",lfachenq
856,ttoffanonr@clickbank.net,sW9\IgjOvS9ljV,kfarrensnr
857,sallamns@weather.com,rR5!KC'34,alarcombens
858,tboughtonnt@dell.com,"dL6""p3_x9p",fkubczaknt
859,fblankhornnu@engadget.com,yY8(G}<$C2K8`,mmegroffnu
860,gabrahamnv@salon.com,qX0%J81v,mdumininv
861,ncarnownw@netlog.com,lY7#_gf?imE,pcoleironw
862,fmacanelleynx@china.com.cn,vT7'ts`AL,jmiddlemissnx
863,jpfaffeny@utexas.edu,fW1\9n2SrQ$s,avaneschiny
864,fcruxnz@sourceforge.net,"lQ1,MB`+vW@V",mboutchernz
865,eferencowiczo0@telegraph.co.uk,fF1&A{{d/QB(rN}v,nnewcomeo0
866,mbarritto1@dailymail.co.uk,jA2`>Z=cM,rdavidsono1
867,jjorezo2@about.com,jY6|o<MTz&GxScLz,wlangrano2
868,ycarrello3@ftc.gov,qL9>|U3%<b()Fd9,mcandyo3
869,wmozzinio4@wiley.com,yQ6=vYX7O_x,mwhimpero4
870,jgorso5@g.co,jT8&3vwv*p!+,rlundbecho5
871,rlivingstoneo6@over-blog.com,mQ3_akJ~t>U#&53,pgathercoalo6
872,lyesenevo7@google.it,dW9@sjN9w+p3`,dmewetto7
873,drosleno8@narod.ru,rT5\=BXJhLv,swealleanso8
874,vmckeeverso9@discuz.net,dJ8+|`xGy(,jthurlbyo9
875,agillieoa@go.com,"fV7,57V@S*",dblaineoa
876,gbradfordob@usnews.com,uE6.Gqp%r||T,sgrosierob
877,maggeoc@com.com,"cI6*L_B6/b.eX,",rcatooc
878,dcanfieldod@yandex.ru,cR8.Kurgz})iGm,jdenisotod
879,onewhamoe@tiny.cc,tB6}SbO_,lhardwareoe
880,hcastroof@prweb.com,fE5@&8m+8eKDT~),whedauof
881,kcreaghog@deliciousdays.com,"eQ3`ba,RQmHqXf=%",egraemeog
882,gredmoreoh@webnode.com,dJ4`mR!OP`IF$Z@$,bmcmurdooh
883,lgridleyoi@yale.edu,fC8%LKD7Vl/tSFG,dibelloi
884,ndearoj@people.com.cn,kA5%)XS!y$L.,schiverstoneoj
885,xruttok@state.tx.us,"vL2*""%VP0or",rwillsok
886,mgudgerol@yellowpages.com,mA6*5!{Tl2yF,akirtlandol
887,kwroathom@reddit.com,"bV6""0!(('",zespositaom
888,dashleyon@time.com,eS1?uS/d,sballentimeon
889,sricardonoo@netvibes.com,vP2)!59&,rdenziloeoo
890,rpellamonutenop@addtoany.com,eD1`\e3o@})5~x#,challowsop
891,mdankooq@jigsy.com,pF0/0?vDqjq,mheijnenoq
892,ofilippyevor@telegraph.co.uk,yU7>7.kS#$Y}Ff3b,ehounsomor
893,sgiovannillios@bandcamp.com,yR4=O_=m,bmaccaigos
894,cpurseot@google.com,rZ8{0LF!x,pklaaasenot
895,ckibbeeou@toplist.cz,"uC9,ZpxwA9b2",cpoytresou
896,lrobinetov@answers.com,lK3!d6$ifOt=7,ctaleworthov
897,ohardesow@state.tx.us,"tZ6""B{pcQ""=kmK~H",hebbrellow
898,mkayleyox@vinaora.com,nG5=w%&(EsZC1Q0,ritzchakyox
899,piacapuccioy@utexas.edu,"fG2|6~~S(Wm,w",ccordeirooy
900,fogeaneyoz@yelp.com,nN3/e+J',ikempeoz
901,wsantosp0@accuweather.com,hZ3#l2ea{5r,slehouxp0
902,fsertinp1@npr.org,"gM4|""f?9t",rarmesp1
903,rgarawayp2@123-reg.co.uk,oN8=Jr%TCLLs41,fdunkp2
904,cseagravep3@simplemachines.org,dV6$}}7n<MJyO,fcontip3
905,ctocquep4@cornell.edu,qR3!w6&&,aroep4
906,aorchartp5@issuu.com,qS1(HJpqHj@C,crobackp5
907,dbluemanp6@aboutads.info,nM3$7LHnU|7,rhanburryp6
908,hhuntarp7@home.pl,sM0+SGWNDu,rbrellinp7
909,kionnidisp8@phoca.cz,iQ5`jat&ePmOT6_V,dohartnedyp8
910,dselcraigp9@unc.edu,cJ0%NIEjLta>=},nschultheissp9
911,dpawelczykpa@amazonaws.com,aN6&B*/E(l2<H@,bcuninghampa
912,fthomkinspb@paginegialle.it,uF2`QN%Wjvn8>E,hhillanpb
913,adigginsonpc@auda.org.au,eX0&havKBA.Q|sZk,ceckersallpc
914,sjirickpd@youtube.com,oN1>yhJH$,mguittpd
915,kfinderpe@e-recht24.de,"gZ8""0NErZ97~a",rluchettipe
916,astanlickpf@patch.com,wG8`mW3hDDD=pq,bspeendenpf
917,imayhewpg@goo.gl,"fY6`NNG0qJ""=D@r",rwoolagerpg
918,bhayersph@free.fr,iU7_jyAi*\mU?NK,amcfaulph
919,iredparthpi@technorati.com,aI0+q(N7s%k|_7(,jberggrenpi
920,vspieckpj@rakuten.co.jp,aK2>4ohD'$'<>,qtogherpj
921,kmackerleypk@linkedin.com,"iX4_<6'k|8""1\",hstellmanpk
922,cchapellepl@zimbio.com,"oV3""$i}M<",apuckrinpl
923,odecroixpm@cpanel.net,mV1(?3fT3,jrozecpm
924,hmccloshpn@cisco.com,cI8*B{cYY,bbeneixpn
925,bjerzycowskipo@goo.gl,qN7<o7dv)X.Ld&,kbrehatpo
926,spaulpp@bravesites.com,"wO6`l@GrD,%BIT)",awillimentpp
927,dwraggspq@wp.com,"fG9""4kmd%",ofilippozzipq
928,jjoneypr@diigo.com,"tS8,sjXpL(z",mdradeypr
929,fmulrenanps@mail.ru,nK6!MV)VyeDYYMH},pleyps
930,mdurtnallpt@theglobeandmail.com,nV5\0=7j,cdomaschkept
931,adymokepu@surveymonkey.com,jM1)AB_w)K/xT,cosmundpu
932,fashmolepv@jiathis.com,cR0`IqW3,ehustingspv
933,cspilemanpw@boston.com,lZ2?=6LI*E<l&$f,hmcellenpw
934,llockhartpx@disqus.com,"hE7`K9,f",bcorderypx
935,lmichiepy@liveinternet.ru,eK8+Z0o7,abradbrookpy
936,tmactrustampz@aol.com,jO0.6x\_!SK,mraysonpz
937,fpevsnerq0@irs.gov,xC8&52g/,amayerq0
938,kverryq1@google.com.br,rF8#q9cGv,hbranchq1
939,mdudenieq2@dyndns.org,uB9*{oSWwVE1,ndevanneyq2
940,adunseathq3@howstuffworks.com,wN9(s)j'L}axMF,zpaviaq3
941,zskirlingq4@furl.net,rO9?vC#C,fkilloughq4
942,lroubyq5@cbslocal.com,yZ8/x|!=iUk}H,ahorriganq5
943,csebrensq6@freewebs.com,xC9*=<5E%D,ngoldupq6
944,klindwallq7@w3.org,"dD8@,J}?K=~a",glivenq7
945,jfustq8@globo.com,lQ3&%M4!/,iburgiseq8
946,stravesq9@yolasite.com,tV3)NxnEt8j|?9d#,bboynesq9
947,msizeyqa@paginegialle.it,pB0|a@.%t(gVb'W`,snapthineqa
948,charnesqb@dagondesign.com,iR2@9Y{dAdov5,echiecoqb
949,rmelluishqc@blog.com,hU3>PiRy,cblackbroughqc
950,cgladstoneqd@etsy.com,lL8'KD2Me#@P/,vbartlamqd
951,cguitteqe@dagondesign.com,"iJ1+s\3)S~@Z,e",wsandyfordqe
952,khaggithqf@flavors.me,dE3~{>f'Y3Zr,amiddasqf
953,aschierschqg@cbslocal.com,tT0#i@aa{'V&+Vso,esellmanqg
954,tattkinsqh@facebook.com,wG9~pP(pa9wb{+,tkillfordqh
955,rdelacosteqi@miibeian.gov.cn,nM2*WF7p3YI1{x,astrudwickqi
956,msinkinqj@ezinearticles.com,fV8$NNtlJJ+7*Et@,gmeinekingqj
957,abrechinqk@ovh.net,tL4#+'ina<=xrV0,rmoxhamqk
958,mdoultonql@sohu.com,wR8}1#F+G`HaP,siacovelliql
959,ksloleyqm@webeden.co.uk,uI8$t*3<k*ykUb.&,wlymbourneqm
960,gskryneqn@biblegateway.com,yB0>aQ0jlo2BUlb,dradboneqn
961,vkardosqo@seesaa.net,zY1#.X5<ehH,mdmytrykqo
962,tsagersonqp@360.cn,mY1}v{#%)\51,bpopleyqp
963,gberrickqq@mtv.com,"aH2+(MFU=4n""V,Td",ypetytqq
964,anazairqr@discuz.net,jK8+rZO&O,trishbrookqr
965,cbuntenqs@paypal.com,qD6+Ekf#/n.>cN!,smaccaugheyqs
966,eduggetqt@cafepress.com,"lS4#Nx,{Y&exj'",pchastagnierqt
967,mloadequ@harvard.edu,vZ7.xH}s8,hbenesqu
968,bbassickqv@google.com.br,vV6@Cyr25d(,ebriknerqv
969,kfilipowiczqw@people.com.cn,cH3&@rh7rEllM{@,dsunnersqw
970,gpageqx@nymag.com,vT3/rW2!y2,zleynhamqx
971,vtolomioqy@github.io,kA6*%W!{9M,bgreggsqy
972,imcnabbqz@mozilla.org,gD5_54q\,odanneqz
973,rwhitearr0@foxnews.com,gF3?9z1_,glindbergr0
974,pfaucettr1@icio.us,"sY8=1+~$Q)yz,",dwittr1
975,mduftyr2@digg.com,oA9@AGts!X(Or,jmacgilfoyler2
976,fdecruzr3@fotki.com,oS1|.OI.{sB.|2,ocrowcherr3
977,jtwamleyr4@dedecms.com,"nL6{bpg""}ip$)@0",wlitterickr4
978,jabrashkinr5@acquirethisname.com,xL5(mSETd?,bbowkerr5
979,splaider6@cyberchimps.com,hC5`U9'},bclayworthr6
980,zadamr7@google.ru,cG8)PN_!#9Liz_*,glatterr7
981,cmattiolir8@nationalgeographic.com,iV2}xt`Q%(,cericr8
982,jwiddupr9@narod.ru,rN9=!8W*Niz*FTj,ndutsonr9
983,iolivora@last.fm,zP8.hTOxD',mhorickra
984,pshiersrb@prweb.com,vM2*aN5Cs!X_*g8,tmcnicklerb
985,mweekrc@constantcontact.com,yB1~+\rgMG_7RDgf,gglantonrc
986,bcarressrd@hhs.gov,rC7)wBUHT9k,ksafferd
987,mbleesre@lycos.com,cS2_+<Gs(6jp,iarnoudre
988,tcottemrf@nbcnews.com,xX7}35{F.X_6,ktwelverf
989,neidelmanrg@vk.com,fK3)mZ_+IS,pquarlisrg
990,bgallafantrh@ebay.co.uk,"zD7_L35""",mkiehlrh
991,lpenimanri@creativecommons.org,wD5+I)+ZwZ`%vJp,bcromettri
992,mcreborj@chron.com,jB2\GOc_w,gkillfordrj
993,awroathrk@cafepress.com,uD8_0f>>X,hgronauerrk
994,kduffynrl@hc360.com,lO3%8Hz3i3iDZFUa,htrattlesrl
995,bgoodsallrm@bandcamp.com,"qO0&iC""H3SySE",vparduerm
996,sscougalrn@dmoz.org,"tN9_MTy)u""l",aandryszczakrn
997,cfewsterro@salon.com,"zB0,9lf_WUkswYe""",pscanterburyro
998,jtobyrp@pinterest.com,hU6=!J/t,jlewerenzrp
999,fbrosiorq@naver.com,zQ6.k{y>,jgosswellrq
1000,tdenacamprr@arizona.edu,vK1(A..#gww,goliverrr
