message_id,recipient_id,content
1,773,Ameliorated user-facing conglomeration
2,525,Monitored stable methodology
3,423,Re-engineered web-enabled secured line
4,42,Enterprise-wide intermediate archive
5,663,Monitored eco-centric protocol
6,414,Adaptive optimizing open architecture
7,540,Reduced modular groupware
8,957,Upgradable coherent adapter
9,465,Inverse zero administration middleware
10,178,Managed clear-thinking parallelism
11,508,Open-architected multi-state superstructure
12,744,Multi-channelled maximized Graphical User Interface
13,238,Persevering motivating moratorium
14,4,Upgradable methodical firmware
15,258,Reduced analyzing core
16,589,Reduced methodical model
17,32,Triple-buffered context-sensitive hardware
18,689,Cross-platform background architecture
19,527,Triple-buffered optimizing service-desk
20,222,Cloned logistical initiative
21,651,Multi-lateral high-level hardware
22,618,Cross-platform system-worthy functionalities
23,660,Reverse-engineered stable parallelism
24,651,De-engineered static time-frame
25,567,Upgradable discrete methodology
26,742,Diverse user-facing moderator
27,499,Future-proofed optimizing functionalities
28,864,Fully-configurable object-oriented software
29,122,Profit-focused content-based system engine
30,721,Adaptive 6th generation process improvement
31,673,Persistent directional extranet
32,356,Distributed didactic Graphic Interface
33,983,Open-source demand-driven data-warehouse
34,932,Focused even-keeled software
35,670,Pre-emptive bifurcated customer loyalty
36,20,Ergonomic 4th generation moratorium
37,173,Switchable responsive policy
38,902,Centralized client-server workforce
39,722,Persistent clear-thinking implementation
40,371,Synergized transitional local area network
41,125,Re-engineered content-based knowledge base
42,296,Synergistic regional monitoring
43,868,Realigned exuding conglomeration
44,335,Intuitive system-worthy model
45,232,Devolved mission-critical internet solution
46,136,User-friendly zero administration artificial intelligence
47,706,Assimilated encompassing Graphic Interface
48,576,Reduced real-time definition
49,919,Robust 4th generation implementation
50,668,Multi-layered next generation firmware
51,770,Profit-focused zero tolerance implementation
52,873,Expanded next generation task-force
53,726,Stand-alone tangible projection
54,574,Persistent multimedia collaboration
55,950,Object-based reciprocal framework
56,805,Reverse-engineered uniform installation
57,774,Monitored upward-trending standardization
58,204,Quality-focused radical customer loyalty
59,778,Up-sized holistic budgetary management
60,584,Programmable bottom-line ability
61,547,Re-engineered systematic infrastructure
62,541,User-friendly context-sensitive product
63,314,Inverse user-facing circuit
64,168,Down-sized exuding data-warehouse
65,312,Multi-channelled executive info-mediaries
66,19,Robust scalable knowledge user
67,542,Stand-alone multimedia internet solution
68,575,Re-contextualized 4th generation help-desk
69,741,Open-architected heuristic migration
70,175,Expanded 24/7 analyzer
71,772,Grass-roots encompassing solution
72,202,Face to face didactic customer loyalty
73,398,Cloned foreground superstructure
74,334,Vision-oriented impactful synergy
75,8,Down-sized analyzing definition
76,984,Balanced client-driven implementation
77,748,Vision-oriented bifurcated system engine
78,853,Monitored radical infrastructure
79,108,Grass-roots static superstructure
80,362,Polarised content-based encoding
81,490,Inverse didactic knowledge user
82,227,Operative client-driven orchestration
83,53,Enhanced transitional utilisation
84,49,Reduced regional ability
85,330,Re-engineered bifurcated initiative
86,698,Visionary mission-critical intranet
87,427,Horizontal bottom-line ability
88,835,Organic coherent info-mediaries
89,137,Pre-emptive client-driven parallelism
90,280,Inverse eco-centric knowledge user
91,195,Cloned 24 hour paradigm
92,999,Assimilated didactic hub
93,672,Object-based motivating leverage
94,272,Function-based explicit approach
95,436,Realigned 3rd generation emulation
96,332,Persistent neutral groupware
97,359,Future-proofed fault-tolerant open architecture
98,543,Front-line well-modulated service-desk
99,163,Centralized incremental encoding
100,588,Advanced global solution
101,320,Virtual explicit concept
102,788,Enterprise-wide empowering focus group
103,703,Right-sized logistical hierarchy
104,414,Up-sized uniform customer loyalty
105,582,Ameliorated tertiary encoding
106,414,Switchable client-server challenge
107,620,Fully-configurable motivating protocol
108,151,Monitored foreground strategy
109,266,Focused holistic hardware
110,960,Advanced methodical ability
111,837,Advanced modular projection
112,431,Automated discrete paradigm
113,803,Switchable upward-trending encoding
114,776,Vision-oriented static pricing structure
115,707,Extended disintermediate model
116,853,Seamless 4th generation structure
117,424,Sharable empowering instruction set
118,942,Function-based bottom-line array
119,230,Switchable cohesive architecture
120,942,Up-sized web-enabled matrices
121,387,Down-sized intermediate knowledge user
122,209,Synergistic system-worthy definition
123,466,Secured multi-state data-warehouse
124,38,Monitored system-worthy architecture
125,119,Multi-layered intangible firmware
126,634,Enhanced holistic functionalities
127,298,Expanded radical productivity
128,570,Re-contextualized upward-trending emulation
129,597,Decentralized global installation
130,922,Synergistic multimedia encoding
131,911,Public-key 24/7 encryption
132,709,Advanced actuating standardization
133,675,Optimized hybrid protocol
134,387,Balanced dedicated middleware
135,570,Reverse-engineered global installation
136,48,Profound bi-directional approach
137,281,Persistent optimal internet solution
138,991,Synergized web-enabled focus group
139,638,Reverse-engineered impactful capability
140,810,Persistent real-time knowledge base
141,10,User-centric static projection
142,982,Self-enabling multi-tasking superstructure
143,266,Streamlined user-facing circuit
144,160,Exclusive national capability
145,936,Proactive regional challenge
146,222,Polarised uniform service-desk
147,722,Intuitive 6th generation paradigm
148,242,Persevering homogeneous help-desk
149,505,Grass-roots object-oriented interface
150,241,Total clear-thinking secured line
151,160,Up-sized motivating ability
152,319,Enhanced bifurcated synergy
153,528,Synergistic grid-enabled software
154,656,Distributed homogeneous open architecture
155,885,Customizable scalable system engine
156,1000,Customer-focused executive installation
157,33,Versatile hybrid instruction set
158,710,Switchable transitional hierarchy
159,284,Ameliorated exuding product
160,555,Vision-oriented motivating strategy
161,334,Phased eco-centric intranet
162,757,Advanced object-oriented parallelism
163,993,Enhanced content-based strategy
164,246,Synergistic optimal product
165,609,Automated holistic migration
166,810,Triple-buffered 5th generation hub
167,338,Cloned even-keeled protocol
168,2,Vision-oriented heuristic functionalities
169,942,Innovative bi-directional utilisation
170,428,Robust next generation toolset
171,861,Diverse zero tolerance help-desk
172,417,Inverse global process improvement
173,830,Mandatory mission-critical leverage
174,33,Up-sized reciprocal migration
175,340,Operative executive adapter
176,667,Focused methodical website
177,941,Managed radical groupware
178,603,Upgradable bandwidth-monitored process improvement
179,845,Innovative fault-tolerant Graphic Interface
180,350,Horizontal asymmetric local area network
181,69,User-friendly systemic encryption
182,305,Horizontal grid-enabled help-desk
183,791,Profound 5th generation access
184,774,Upgradable secondary orchestration
185,254,Intuitive empowering hub
186,960,Fully-configurable next generation customer loyalty
187,714,Multi-lateral hybrid archive
188,503,Grass-roots background open architecture
189,972,Future-proofed encompassing monitoring
190,728,Horizontal disintermediate website
191,343,Front-line modular installation
192,446,Progressive mission-critical toolset
193,999,User-friendly heuristic toolset
194,822,Organized multi-tasking product
195,636,Monitored national paradigm
196,311,Horizontal value-added extranet
197,258,Total secondary hub
198,836,Ameliorated global middleware
199,881,Horizontal bottom-line workforce
200,127,Innovative clear-thinking circuit
201,598,User-friendly client-server leverage
202,640,User-friendly high-level matrices
203,478,Face to face disintermediate open system
204,331,Assimilated foreground flexibility
205,679,Customer-focused disintermediate productivity
206,303,Stand-alone foreground moratorium
207,821,Synergistic upward-trending secured line
208,676,Horizontal client-server product
209,132,Universal human-resource conglomeration
210,864,Total asynchronous budgetary management
211,645,De-engineered scalable strategy
212,632,Synchronised coherent artificial intelligence
213,800,Mandatory responsive challenge
214,284,Synergistic user-facing algorithm
215,712,Face to face content-based time-frame
216,419,Streamlined neutral time-frame
217,96,Horizontal maximized array
218,331,Open-architected executive toolset
219,760,Up-sized demand-driven structure
220,312,Innovative object-oriented superstructure
221,353,Enterprise-wide upward-trending installation
222,702,Re-contextualized motivating forecast
223,316,Visionary attitude-oriented help-desk
224,275,Self-enabling discrete instruction set
225,523,Horizontal real-time help-desk
226,526,Right-sized user-facing adapter
227,283,Realigned solution-oriented database
228,512,Profound executive Graphic Interface
229,457,Open-source bandwidth-monitored core
230,259,Customer-focused discrete middleware
231,533,Distributed client-server policy
232,159,Self-enabling even-keeled groupware
233,46,Advanced client-driven forecast
234,48,Expanded heuristic complexity
235,51,De-engineered neutral moratorium
236,808,Organic multi-state benchmark
237,341,Open-architected composite workforce
238,729,Visionary methodical help-desk
239,57,Team-oriented real-time info-mediaries
240,708,Managed stable extranet
241,975,Right-sized upward-trending flexibility
242,997,Profit-focused foreground productivity
243,894,Diverse client-server groupware
244,703,Optimized solution-oriented service-desk
245,481,Virtual fault-tolerant secured line
246,218,Seamless mission-critical migration
247,884,Decentralized system-worthy orchestration
248,444,Right-sized attitude-oriented frame
249,502,Polarised dynamic project
250,407,Cloned reciprocal protocol
251,381,Intuitive global functionalities
252,597,Visionary local forecast
253,318,Seamless neutral hierarchy
254,559,Configurable bandwidth-monitored toolset
255,834,Integrated modular emulation
256,598,Object-based zero defect capacity
257,936,Customer-focused client-driven migration
258,962,Re-engineered coherent orchestration
259,657,Persistent 24/7 alliance
260,116,Cross-platform systemic concept
261,1000,Multi-tiered even-keeled software
262,811,Reverse-engineered incremental adapter
263,766,Reactive bandwidth-monitored open architecture
264,326,Persistent hybrid emulation
265,125,Versatile regional knowledge user
266,607,Face to face attitude-oriented secured line
267,129,Team-oriented content-based matrices
268,730,Open-architected static circuit
269,319,Centralized transitional algorithm
270,74,Team-oriented client-server complexity
271,669,Total zero tolerance functionalities
272,445,Synergistic solution-oriented project
273,693,Pre-emptive 5th generation concept
274,776,Synergistic regional project
275,387,User-friendly transitional collaboration
276,629,Fully-configurable context-sensitive definition
277,1000,De-engineered demand-driven secured line
278,400,Programmable 24/7 challenge
279,716,Multi-tiered national access
280,433,Object-based non-volatile installation
281,380,Cross-platform multimedia groupware
282,611,Reduced maximized system engine
283,718,Front-line fault-tolerant internet solution
284,14,Proactive bottom-line open architecture
285,302,Public-key full-range focus group
286,486,Switchable zero defect encryption
287,324,Switchable directional strategy
288,866,Virtual responsive task-force
289,290,Vision-oriented mobile instruction set
290,994,Implemented real-time methodology
291,699,Enhanced content-based toolset
292,913,Networked fault-tolerant solution
293,737,Diverse systematic capability
294,637,Cross-platform solution-oriented framework
295,728,Triple-buffered user-facing moratorium
296,94,Centralized solution-oriented database
297,826,Implemented intangible emulation
298,162,Self-enabling 24/7 core
299,638,Team-oriented 4th generation database
300,910,Face to face transitional access
301,468,Secured holistic migration
302,808,Face to face coherent database
303,594,Mandatory impactful productivity
304,959,Distributed 5th generation interface
305,591,Universal web-enabled website
306,571,Visionary neutral circuit
307,320,Multi-channelled actuating concept
308,658,Virtual didactic database
309,996,Synergistic full-range support
310,627,Pre-emptive non-volatile standardization
311,663,Upgradable demand-driven website
312,568,Synergistic 4th generation neural-net
313,412,Persistent bifurcated policy
314,737,Open-source didactic forecast
315,697,Robust cohesive ability
316,100,Re-engineered dedicated protocol
317,962,Versatile directional utilisation
318,107,Vision-oriented exuding artificial intelligence
319,546,Object-based mission-critical matrix
320,636,Intuitive actuating definition
321,136,Face to face contextually-based system engine
322,452,Managed global architecture
323,445,Virtual scalable customer loyalty
324,94,Upgradable high-level standardization
325,932,Persistent optimizing attitude
326,36,Reverse-engineered bottom-line policy
327,35,Switchable motivating orchestration
328,404,Ergonomic methodical pricing structure
329,207,Advanced context-sensitive success
330,530,Optimized systemic application
331,790,Monitored systemic model
332,310,Visionary needs-based portal
333,582,Managed responsive focus group
334,796,Synergistic high-level toolset
335,654,Configurable dynamic protocol
336,588,Progressive 24 hour firmware
337,808,Synchronised asymmetric contingency
338,565,Optional local open system
339,627,Open-architected holistic encryption
340,905,Integrated high-level superstructure
341,216,Adaptive static open architecture
342,958,Multi-layered cohesive migration
343,209,Down-sized neutral synergy
344,113,Advanced cohesive capability
345,915,Robust non-volatile monitoring
346,974,Configurable discrete algorithm
347,132,Diverse context-sensitive service-desk
348,95,Balanced high-level local area network
349,541,Public-key client-driven open system
350,305,Organized uniform orchestration
351,757,Proactive client-driven solution
352,249,Cross-group stable benchmark
353,787,Operative intermediate framework
354,663,Up-sized radical middleware
355,439,Exclusive demand-driven customer loyalty
356,727,Upgradable tangible policy
357,405,Vision-oriented asynchronous leverage
358,104,Assimilated solution-oriented groupware
359,356,Grass-roots client-driven hub
360,55,Devolved system-worthy orchestration
361,438,Centralized national firmware
362,587,Right-sized reciprocal middleware
363,626,Progressive zero defect groupware
364,656,Ergonomic incremental capability
365,552,Compatible responsive budgetary management
366,636,Adaptive impactful protocol
367,428,Centralized web-enabled intranet
368,568,Down-sized non-volatile process improvement
369,313,Intuitive hybrid adapter
370,936,Total encompassing throughput
371,976,Persistent multi-tasking support
372,521,Cross-platform real-time help-desk
373,713,Future-proofed actuating challenge
374,392,User-friendly bifurcated policy
375,680,User-centric user-facing neural-net
376,910,Upgradable multi-tasking pricing structure
377,256,Advanced holistic functionalities
378,180,Integrated bottom-line time-frame
379,939,Devolved zero administration portal
380,719,Seamless optimal solution
381,905,Right-sized context-sensitive infrastructure
382,156,Diverse zero defect analyzer
383,55,Self-enabling asynchronous customer loyalty
384,119,Face to face responsive structure
385,969,Up-sized empowering budgetary management
386,131,Down-sized non-volatile access
387,510,Total logistical functionalities
388,191,Grass-roots human-resource artificial intelligence
389,160,Synchronised directional hierarchy
390,510,User-friendly hybrid concept
391,119,Front-line systematic time-frame
392,536,Balanced optimizing artificial intelligence
393,244,Secured client-server task-force
394,304,User-friendly 5th generation capability
395,76,Automated web-enabled pricing structure
396,835,Focused optimizing array
397,951,Multi-lateral eco-centric methodology
398,588,Synergized multimedia open architecture
399,304,Digitized grid-enabled info-mediaries
400,235,Self-enabling context-sensitive challenge
401,512,Advanced zero administration complexity
402,780,Digitized object-oriented time-frame
403,773,Progressive bandwidth-monitored extranet
404,252,Automated context-sensitive database
405,257,User-friendly local knowledge user
406,576,Persevering zero administration utilisation
407,942,Distributed systematic collaboration
408,90,Right-sized human-resource product
409,897,Business-focused reciprocal artificial intelligence
410,749,Object-based global challenge
411,245,Right-sized radical standardization
412,160,Enhanced full-range structure
413,392,Distributed fresh-thinking matrices
414,135,Phased motivating utilisation
415,245,Front-line regional time-frame
416,458,Profit-focused content-based time-frame
417,425,Compatible didactic database
418,82,Fundamental explicit conglomeration
419,395,Polarised solution-oriented task-force
420,484,Automated empowering encryption
421,851,Enterprise-wide executive infrastructure
422,879,Adaptive asymmetric methodology
423,587,Progressive upward-trending model
424,510,Synchronised radical Graphical User Interface
425,335,Open-architected upward-trending application
426,810,Total multimedia attitude
427,249,Centralized incremental alliance
428,53,Digitized incremental data-warehouse
429,281,Automated eco-centric framework
430,759,Centralized analyzing alliance
431,974,Front-line multimedia hierarchy
432,124,Fully-configurable static forecast
433,81,Grass-roots explicit utilisation
434,251,Implemented zero defect projection
435,533,Public-key system-worthy success
436,88,Profit-focused web-enabled standardization
437,640,Synergistic maximized Graphical User Interface
438,569,Ergonomic grid-enabled customer loyalty
439,794,Re-contextualized content-based strategy
440,324,Ergonomic dedicated analyzer
441,114,Customer-focused contextually-based contingency
442,939,Balanced real-time archive
443,383,Organic directional customer loyalty
444,351,User-friendly actuating architecture
445,514,Diverse motivating infrastructure
446,655,Persevering 4th generation initiative
447,204,Total next generation migration
448,908,Optional mission-critical array
449,6,Persevering value-added access
450,865,Public-key responsive analyzer
451,308,Synchronised responsive algorithm
452,244,Visionary composite capacity
453,509,Up-sized solution-oriented orchestration
454,402,Operative systemic toolset
455,826,Mandatory upward-trending intranet
456,862,Right-sized contextually-based collaboration
457,773,Multi-layered tertiary functionalities
458,806,Profound real-time contingency
459,564,Cross-platform tertiary algorithm
460,911,Upgradable high-level conglomeration
461,166,Mandatory multi-state toolset
462,221,Networked uniform paradigm
463,684,Focused national complexity
464,305,Implemented tertiary project
465,820,Synergistic composite array
466,800,Enhanced full-range archive
467,710,Profound object-oriented knowledge base
468,116,Progressive 3rd generation interface
469,644,Profit-focused logistical groupware
470,914,Multi-tiered actuating synergy
471,764,Configurable systemic workforce
472,444,Exclusive executive project
473,636,Cross-group scalable internet solution
474,751,De-engineered leading edge flexibility
475,512,Realigned motivating instruction set
476,466,Triple-buffered dynamic application
477,209,Team-oriented tertiary data-warehouse
478,793,Optional next generation algorithm
479,163,Open-source analyzing adapter
480,698,Enterprise-wide national core
481,583,Centralized zero defect methodology
482,301,Triple-buffered empowering migration
483,838,Re-engineered tangible capacity
484,515,Upgradable asynchronous adapter
485,44,Visionary needs-based focus group
486,700,Advanced dynamic groupware
487,990,Universal fresh-thinking encoding
488,509,Horizontal context-sensitive info-mediaries
489,979,Multi-layered web-enabled middleware
490,380,Digitized multimedia access
491,908,Optimized 24/7 info-mediaries
492,419,Implemented zero administration portal
493,107,Operative next generation pricing structure
494,271,Distributed foreground process improvement
495,502,Mandatory next generation initiative
496,714,Integrated logistical success
497,501,Multi-tiered solution-oriented project
498,174,Exclusive systematic local area network
499,614,Optional real-time task-force
500,422,Monitored local functionalities
501,49,Re-engineered radical instruction set
502,590,Face to face object-oriented forecast
503,934,Compatible system-worthy matrix
504,938,Secured motivating benchmark
505,620,Innovative heuristic flexibility
506,661,Multi-tiered uniform architecture
507,5,Vision-oriented even-keeled superstructure
508,912,Horizontal object-oriented info-mediaries
509,260,Universal didactic challenge
510,562,Business-focused leading edge strategy
511,625,Mandatory systematic architecture
512,402,Realigned upward-trending open architecture
513,856,Decentralized exuding throughput
514,680,Down-sized static access
515,691,Multi-lateral well-modulated attitude
516,646,Synergized upward-trending implementation
517,548,Fully-configurable transitional product
518,214,Universal dedicated complexity
519,17,Automated next generation monitoring
520,929,Inverse grid-enabled initiative
521,801,Customer-focused dedicated array
522,473,Profit-focused encompassing architecture
523,421,Realigned even-keeled infrastructure
524,708,Sharable client-server frame
525,523,Implemented attitude-oriented strategy
526,522,Sharable grid-enabled instruction set
527,587,User-friendly impactful functionalities
528,500,Customizable non-volatile core
529,179,Decentralized user-facing complexity
530,820,Distributed interactive instruction set
531,140,Fully-configurable disintermediate functionalities
532,23,Diverse impactful function
533,23,Intuitive bifurcated interface
534,385,Function-based next generation structure
535,598,Function-based analyzing productivity
536,613,Reduced eco-centric budgetary management
537,148,Expanded neutral Graphical User Interface
538,590,Decentralized neutral standardization
539,147,Cross-platform bifurcated knowledge user
540,926,Integrated scalable support
541,986,Pre-emptive disintermediate database
542,214,Devolved heuristic intranet
543,42,Compatible 6th generation throughput
544,898,Digitized transitional customer loyalty
545,30,Fundamental interactive benchmark
546,39,Future-proofed global synergy
547,257,Operative 5th generation support
548,563,Customer-focused radical emulation
549,52,Pre-emptive human-resource local area network
550,7,Business-focused clear-thinking analyzer
551,380,Total object-oriented infrastructure
552,578,Ergonomic methodical circuit
553,141,Devolved asynchronous architecture
554,269,Profit-focused eco-centric conglomeration
555,506,Polarised even-keeled functionalities
556,492,Customer-focused tangible migration
557,95,Digitized disintermediate utilisation
558,494,Function-based disintermediate internet solution
559,198,Devolved even-keeled support
560,21,User-friendly grid-enabled emulation
561,696,Phased asynchronous migration
562,670,Operative 4th generation strategy
563,369,Synergistic methodical instruction set
564,426,Distributed explicit framework
565,844,Diverse 4th generation hub
566,990,Open-architected static structure
567,721,Realigned cohesive hardware
568,170,Diverse coherent implementation
569,310,Optional mission-critical challenge
570,151,Customizable well-modulated standardization
571,799,Grass-roots fresh-thinking throughput
572,444,Vision-oriented tangible standardization
573,934,Managed empowering encoding
574,403,Sharable bandwidth-monitored model
575,543,Upgradable bifurcated pricing structure
576,702,Intuitive background adapter
577,319,Organic needs-based artificial intelligence
578,118,Reduced radical workforce
579,729,Profit-focused empowering adapter
580,601,Virtual contextually-based methodology
581,52,Polarised object-oriented local area network
582,66,Optional systematic workforce
583,847,Devolved uniform support
584,429,Innovative homogeneous time-frame
585,912,Cross-platform dynamic Graphical User Interface
586,305,User-friendly leading edge portal
587,145,Decentralized 5th generation throughput
588,337,Multi-channelled motivating function
589,959,Extended client-driven toolset
590,750,Digitized 6th generation frame
591,588,Integrated bandwidth-monitored application
592,709,Inverse asynchronous strategy
593,656,Automated 24/7 approach
594,68,Compatible actuating analyzer
595,167,Focused fault-tolerant matrices
596,258,Multi-lateral even-keeled pricing structure
597,445,Configurable eco-centric artificial intelligence
598,301,Multi-channelled upward-trending frame
599,317,Polarised needs-based definition
600,27,Configurable composite focus group
601,770,Object-based bifurcated info-mediaries
602,467,De-engineered analyzing flexibility
603,366,Open-architected analyzing challenge
604,949,Open-source impactful superstructure
605,207,Right-sized impactful knowledge user
606,720,Visionary maximized secured line
607,835,Decentralized zero defect policy
608,416,Organic coherent migration
609,739,Open-architected tertiary firmware
610,651,Optimized responsive interface
611,582,Optional multimedia collaboration
612,482,Team-oriented heuristic forecast
613,604,Face to face global intranet
614,821,Triple-buffered systematic interface
615,805,Team-oriented context-sensitive standardization
616,115,Implemented dynamic project
617,67,Virtual upward-trending software
618,356,Re-engineered logistical process improvement
619,723,Optional homogeneous protocol
620,520,Right-sized multi-state algorithm
621,187,Configurable regional structure
622,940,Total client-server application
623,405,Vision-oriented zero administration strategy
624,82,Switchable holistic adapter
625,753,Right-sized heuristic definition
626,848,Organized non-volatile firmware
627,270,Reverse-engineered 6th generation groupware
628,236,Stand-alone multi-tasking productivity
629,821,Phased value-added core
630,171,User-centric bandwidth-monitored implementation
631,814,Optimized clear-thinking firmware
632,43,Object-based zero tolerance time-frame
633,578,Synergized bottom-line capability
634,252,Devolved discrete help-desk
635,724,Fully-configurable maximized benchmark
636,72,User-centric scalable Graphic Interface
637,245,Sharable heuristic forecast
638,329,Programmable mission-critical conglomeration
639,919,Versatile user-facing extranet
640,190,Seamless clear-thinking challenge
641,992,Ergonomic asymmetric application
642,251,Ergonomic real-time structure
643,748,Programmable modular capacity
644,67,Pre-emptive zero tolerance capacity
645,138,Ameliorated methodical productivity
646,921,Profit-focused background core
647,527,Expanded bifurcated frame
648,850,Organic value-added encryption
649,16,Public-key high-level leverage
650,46,Multi-lateral eco-centric alliance
651,638,Phased holistic concept
652,412,Secured user-facing superstructure
653,244,Sharable full-range attitude
654,138,Progressive dynamic Graphic Interface
655,875,Diverse 24 hour hierarchy
656,944,Adaptive secondary moderator
657,141,Seamless national service-desk
658,915,Profound upward-trending intranet
659,711,Adaptive multi-state implementation
660,525,Configurable client-server firmware
661,450,Re-engineered scalable function
662,358,Reduced asynchronous success
663,458,Organized multi-tasking framework
664,806,Horizontal eco-centric time-frame
665,850,Adaptive non-volatile Graphical User Interface
666,806,Mandatory directional benchmark
667,588,Upgradable needs-based product
668,613,Proactive responsive task-force
669,73,Face to face national Graphic Interface
670,282,Robust solution-oriented task-force
671,918,Managed actuating algorithm
672,228,Vision-oriented hybrid benchmark
673,789,Multi-layered zero tolerance workforce
674,179,Ameliorated user-facing internet solution
675,350,Assimilated multimedia methodology
676,149,Managed stable database
677,556,Adaptive client-server frame
678,901,User-centric client-server encoding
679,713,Ergonomic 6th generation capacity
680,959,Inverse clear-thinking product
681,338,Quality-focused needs-based firmware
682,718,Self-enabling non-volatile capacity
683,55,Front-line client-driven ability
684,21,Phased bottom-line concept
685,420,Object-based bottom-line knowledge base
686,601,Open-source systematic encryption
687,716,Face to face multimedia moratorium
688,987,Triple-buffered bifurcated task-force
689,935,Synergized zero tolerance time-frame
690,516,Optimized incremental neural-net
691,116,Implemented bifurcated groupware
692,776,Exclusive multi-tasking algorithm
693,730,Devolved directional utilisation
694,276,Down-sized 24 hour interface
695,695,Compatible motivating circuit
696,654,Open-architected modular info-mediaries
697,738,Grass-roots impactful throughput
698,797,Seamless asynchronous model
699,771,Pre-emptive disintermediate circuit
700,246,Triple-buffered explicit core
701,238,Multi-tiered contextually-based alliance
702,959,Devolved analyzing productivity
703,820,Virtual explicit flexibility
704,503,Programmable hybrid utilisation
705,873,Re-engineered multi-state service-desk
706,22,Exclusive solution-oriented help-desk
707,314,Optimized web-enabled policy
708,443,Universal value-added core
709,656,Persevering web-enabled protocol
710,34,Sharable static orchestration
711,231,Realigned multi-tasking Graphical User Interface
712,684,Function-based modular moderator
713,143,Team-oriented interactive structure
714,280,Quality-focused high-level architecture
715,392,Profound empowering Graphical User Interface
716,866,Versatile actuating open system
717,937,Profit-focused bandwidth-monitored orchestration
718,527,Implemented executive toolset
719,138,Multi-layered reciprocal collaboration
720,988,Optional mission-critical leverage
721,578,Re-engineered intangible support
722,178,Multi-tiered tangible hub
723,112,Optimized stable open architecture
724,281,Digitized heuristic ability
725,189,Profound zero tolerance complexity
726,666,Monitored tertiary interface
727,495,Networked contextually-based functionalities
728,534,Visionary asynchronous access
729,218,Inverse asynchronous forecast
730,207,Innovative systematic moratorium
731,772,Cross-group local data-warehouse
732,206,Monitored bottom-line website
733,381,Horizontal impactful migration
734,636,Persevering value-added concept
735,770,Team-oriented global Graphical User Interface
736,778,Sharable transitional projection
737,191,Future-proofed next generation open architecture
738,898,Open-source solution-oriented internet solution
739,364,Up-sized modular infrastructure
740,64,Object-based clear-thinking neural-net
741,39,Programmable responsive website
742,604,Fully-configurable next generation pricing structure
743,945,Integrated executive interface
744,867,Synchronised 6th generation focus group
745,651,Configurable zero administration installation
746,252,Seamless static Graphic Interface
747,46,Organic disintermediate moderator
748,369,Re-contextualized radical alliance
749,785,Persevering intangible open architecture
750,536,Reverse-engineered discrete capacity
751,826,Synchronised motivating matrices
752,64,Persevering radical complexity
753,658,Business-focused human-resource customer loyalty
754,490,Assimilated optimal paradigm
755,505,Ergonomic neutral process improvement
756,703,Multi-lateral foreground core
757,111,Intuitive maximized algorithm
758,763,Decentralized needs-based help-desk
759,768,Right-sized local throughput
760,522,Polarised 24/7 hardware
761,599,Automated exuding framework
762,540,Multi-lateral transitional secured line
763,181,Switchable contextually-based algorithm
764,943,Secured stable capacity
765,331,Multi-layered modular local area network
766,343,Upgradable fresh-thinking capacity
767,669,Extended optimizing encryption
768,226,Exclusive intangible encoding
769,230,Grass-roots multi-state definition
770,967,De-engineered 5th generation Graphic Interface
771,207,Decentralized actuating matrix
772,927,Balanced tertiary hub
773,561,Versatile transitional adapter
774,938,Front-line asynchronous application
775,424,Face to face eco-centric superstructure
776,884,Proactive object-oriented array
777,270,Object-based hybrid conglomeration
778,839,Polarised bi-directional task-force
779,459,Virtual solution-oriented analyzer
780,526,Self-enabling leading edge application
781,86,Managed tertiary data-warehouse
782,888,Object-based global neural-net
783,62,Open-architected reciprocal hierarchy
784,746,Focused background open architecture
785,60,Stand-alone solution-oriented attitude
786,792,Networked logistical synergy
787,566,Centralized modular standardization
788,327,Ergonomic even-keeled extranet
789,943,Centralized analyzing migration
790,704,Down-sized discrete architecture
791,778,Fully-configurable zero defect budgetary management
792,485,Profit-focused contextually-based service-desk
793,326,Triple-buffered motivating array
794,194,Ergonomic full-range benchmark
795,434,Extended scalable complexity
796,600,Business-focused user-facing array
797,494,Object-based tertiary standardization
798,275,Multi-channelled executive product
799,972,Multi-layered leading edge concept
800,234,Fully-configurable dedicated capacity
801,598,Synergistic bandwidth-monitored capability
802,790,Down-sized dynamic groupware
803,396,Progressive interactive solution
804,309,Cross-group coherent capacity
805,631,Open-source needs-based solution
806,199,Distributed optimizing secured line
807,376,Progressive content-based application
808,303,Organized global instruction set
809,305,Inverse executive system engine
810,971,Extended solution-oriented infrastructure
811,269,User-centric asymmetric open system
812,260,Focused clear-thinking collaboration
813,697,Multi-layered clear-thinking knowledge user
814,982,Diverse optimal installation
815,39,Extended logistical framework
816,168,Open-architected motivating collaboration
817,122,Assimilated zero tolerance throughput
818,840,Ameliorated explicit structure
819,140,De-engineered fault-tolerant standardization
820,693,Configurable uniform algorithm
821,589,Enhanced content-based support
822,433,Secured intangible forecast
823,319,Cloned multimedia structure
824,559,Multi-lateral tangible paradigm
825,97,Optional holistic neural-net
826,349,Networked bandwidth-monitored matrices
827,463,Advanced high-level pricing structure
828,701,Persevering maximized data-warehouse
829,46,Automated content-based projection
830,373,Persistent empowering help-desk
831,973,User-centric attitude-oriented intranet
832,790,Reactive methodical budgetary management
833,557,Cross-group coherent emulation
834,361,Focused real-time Graphic Interface
835,305,Sharable heuristic initiative
836,773,Robust background product
837,287,Future-proofed zero tolerance leverage
838,299,Multi-layered hybrid orchestration
839,965,Reduced upward-trending toolset
840,755,Virtual actuating matrices
841,708,Integrated discrete collaboration
842,535,Future-proofed client-server standardization
843,618,Public-key demand-driven function
844,876,Universal explicit product
845,1,Business-focused stable ability
846,76,Versatile bottom-line hardware
847,244,Cross-platform dynamic focus group
848,471,Devolved full-range alliance
849,831,Enterprise-wide logistical hardware
850,963,Horizontal upward-trending ability
851,686,Customizable incremental support
852,994,Triple-buffered systematic conglomeration
853,501,Versatile dynamic secured line
854,485,Reverse-engineered solution-oriented pricing structure
855,571,Robust optimal structure
856,70,Realigned global solution
857,503,Devolved logistical strategy
858,792,Face to face global secured line
859,169,Business-focused impactful support
860,634,Grass-roots neutral matrices
861,823,De-engineered optimizing interface
862,808,Visionary 24/7 approach
863,825,Operative stable emulation
864,618,Fully-configurable multi-tasking attitude
865,11,Adaptive multi-tasking support
866,210,Phased real-time functionalities
867,522,Enterprise-wide zero administration paradigm
868,200,Customer-focused demand-driven conglomeration
869,369,Assimilated homogeneous artificial intelligence
870,891,Programmable disintermediate knowledge user
871,922,Compatible client-driven challenge
872,104,Devolved national hierarchy
873,803,Customizable content-based access
874,324,Synchronised dynamic toolset
875,977,Integrated clear-thinking interface
876,428,Assimilated incremental website
877,660,Open-architected methodical software
878,843,Phased executive system engine
879,154,Assimilated global neural-net
880,268,Multi-channelled explicit data-warehouse
881,406,Automated upward-trending Graphical User Interface
882,732,Vision-oriented foreground artificial intelligence
883,714,Phased client-driven access
884,941,Upgradable eco-centric emulation
885,279,Stand-alone maximized internet solution
886,901,Future-proofed encompassing functionalities
887,819,Managed secondary website
888,168,Virtual intermediate hub
889,423,Polarised web-enabled array
890,411,De-engineered responsive toolset
891,568,Monitored background neural-net
892,422,Cross-platform 4th generation process improvement
893,471,Organized dynamic interface
894,912,Upgradable discrete algorithm
895,757,Team-oriented content-based framework
896,46,Horizontal cohesive capability
897,45,Team-oriented fault-tolerant extranet
898,811,Synergistic foreground complexity
899,671,Re-contextualized holistic Graphic Interface
900,907,Integrated non-volatile groupware
901,768,Optional national product
902,244,Organized maximized archive
903,160,Configurable systematic monitoring
904,739,Mandatory 24 hour initiative
905,652,Exclusive object-oriented hardware
906,463,Quality-focused radical concept
907,139,Digitized zero administration help-desk
908,279,Vision-oriented human-resource success
909,183,Distributed radical software
910,646,Secured discrete budgetary management
911,694,Proactive radical hub
912,429,Enterprise-wide reciprocal workforce
913,683,Upgradable neutral groupware
914,587,De-engineered eco-centric architecture
915,667,Focused solution-oriented application
916,538,Customizable encompassing throughput
917,25,Optimized optimizing migration
918,677,Progressive hybrid conglomeration
919,660,Fully-configurable zero tolerance firmware
920,377,Open-source client-server support
921,746,Secured needs-based circuit
922,772,Universal needs-based database
923,362,Balanced radical initiative
924,395,Customizable asymmetric protocol
925,630,Integrated well-modulated policy
926,677,Mandatory value-added access
927,312,Monitored cohesive adapter
928,315,Stand-alone eco-centric monitoring
929,602,Synchronised non-volatile middleware
930,622,Extended mobile Graphic Interface
931,534,Multi-tiered bandwidth-monitored methodology
932,505,Open-architected human-resource architecture
933,332,Cloned systemic pricing structure
934,563,Synergistic fresh-thinking synergy
935,785,Persistent solution-oriented process improvement
936,451,Implemented bottom-line challenge
937,629,Programmable real-time product
938,569,Decentralized upward-trending conglomeration
939,589,Visionary foreground website
940,853,Phased national project
941,27,Total interactive task-force
942,576,Vision-oriented national ability
943,919,Adaptive systematic knowledge base
944,344,Monitored maximized orchestration
945,272,Synergistic intangible local area network
946,663,Distributed disintermediate instruction set
947,456,Digitized 24/7 forecast
948,199,User-centric responsive info-mediaries
949,808,Virtual motivating projection
950,821,Versatile bifurcated workforce
951,827,Multi-layered systemic neural-net
952,535,Public-key 24 hour framework
953,47,Devolved hybrid framework
954,342,Seamless 5th generation open architecture
955,949,Progressive didactic array
956,256,Optional transitional forecast
957,841,Re-contextualized executive contingency
958,445,Customizable zero defect approach
959,629,Cloned impactful hardware
960,226,Advanced 5th generation success
961,870,Proactive value-added neural-net
962,265,Horizontal tangible strategy
963,729,Object-based regional workforce
964,977,Profit-focused 24/7 analyzer
965,588,Horizontal explicit structure
966,560,Customer-focused high-level matrices
967,673,Up-sized disintermediate time-frame
968,388,Open-architected stable toolset
969,529,Extended fresh-thinking project
970,326,Persistent mobile matrices
971,710,Persevering intangible challenge
972,258,Public-key next generation synergy
973,378,Ergonomic leading edge project
974,239,Phased local complexity
975,848,Reactive leading edge model
976,520,Configurable 3rd generation emulation
977,154,Focused upward-trending projection
978,781,Exclusive 5th generation forecast
979,623,Enhanced intermediate adapter
980,57,Integrated maximized intranet
981,602,Streamlined intermediate firmware
982,466,Fundamental intangible success
983,71,Grass-roots responsive service-desk
984,377,Customer-focused bifurcated system engine
985,699,Phased interactive encoding
986,819,Organic foreground strategy
987,960,Synergistic leading edge approach
988,251,Multi-layered exuding projection
989,918,Multi-channelled intangible groupware
990,636,Grass-roots zero defect product
991,32,Cross-platform uniform alliance
992,253,Self-enabling bifurcated analyzer
993,137,Open-architected coherent middleware
994,654,Ergonomic composite database
995,338,Mandatory disintermediate complexity
996,620,Devolved zero tolerance orchestration
997,153,Up-sized heuristic task-force
998,678,Secured empowering superstructure
999,823,Extended cohesive collaboration
1000,421,Monitored context-sensitive throughput
