story_id,content
1,Customer-focused object-oriented service-desk
2,Customizable intermediate leverage
3,Mandatory neutral paradigm
4,Multi-lateral scalable process improvement
5,Programmable bandwidth-monitored matrices
6,Versatile transitional hierarchy
7,Cross-platform even-keeled paradigm
8,User-friendly 24 hour customer loyalty
9,Seamless composite support
10,Multi-layered radical forecast
11,User-friendly 6th generation productivity
12,Assimilated neutral Graphical User Interface
13,Seamless systematic middleware
14,Progressive local application
15,Object-based even-keeled structure
16,Right-sized fault-tolerant groupware
17,Exclusive modular alliance
18,Reactive optimizing internet solution
19,Compatible system-worthy conglomeration
20,Robust systematic product
21,Virtual zero tolerance archive
22,Programmable impactful migration
23,Devolved coherent access
24,Inverse zero administration database
25,Horizontal foreground contingency
26,Progressive cohesive encryption
27,Synergized responsive orchestration
28,Managed solution-oriented complexity
29,Business-focused intermediate paradigm
30,Versatile non-volatile application
31,Devolved zero administration budgetary management
32,Persistent web-enabled leverage
33,Decentralized client-server installation
34,Polarised system-worthy function
35,Synergistic encompassing encoding
36,User-friendly attitude-oriented intranet
37,Persistent multi-tasking time-frame
38,Profit-focused multimedia installation
39,Profit-focused impactful contingency
40,Down-sized hybrid Graphic Interface
41,Progressive bandwidth-monitored success
42,Triple-buffered full-range strategy
43,Operative bottom-line neural-net
44,Fundamental motivating array
45,Centralized reciprocal forecast
46,De-engineered coherent matrices
47,Profit-focused leading edge core
48,Fundamental client-driven info-mediaries
49,Diverse multi-tasking budgetary management
50,Enterprise-wide grid-enabled intranet
51,Automated static moderator
52,Persistent next generation artificial intelligence
53,Visionary bandwidth-monitored solution
54,Ameliorated disintermediate local area network
55,Function-based system-worthy open architecture
56,Operative zero administration methodology
57,Synergistic asynchronous firmware
58,Programmable empowering projection
59,Persistent stable utilisation
60,Assimilated modular synergy
61,Assimilated didactic help-desk
62,User-friendly bifurcated open architecture
63,User-friendly human-resource ability
64,Synergistic didactic leverage
65,Front-line context-sensitive access
66,Reactive multi-state open architecture
67,Progressive incremental algorithm
68,Synchronised empowering artificial intelligence
69,Extended modular Graphic Interface
70,Reduced regional product
71,Ameliorated bifurcated installation
72,Streamlined multimedia firmware
73,Visionary tangible benchmark
74,Sharable clear-thinking array
75,Assimilated local policy
76,Decentralized optimal forecast
77,Digitized value-added initiative
78,Object-based context-sensitive software
79,Expanded asynchronous matrices
80,Realigned multi-state info-mediaries
81,Balanced 4th generation groupware
82,Devolved system-worthy hub
83,Programmable bifurcated encoding
84,Robust modular utilisation
85,Digitized background Graphical User Interface
86,Multi-channelled composite Graphic Interface
87,Grass-roots attitude-oriented portal
88,Versatile cohesive capability
89,Innovative zero defect model
90,Function-based neutral middleware
91,Cloned 4th generation data-warehouse
92,Public-key clear-thinking system engine
93,Visionary grid-enabled task-force
94,Triple-buffered client-server model
95,Optional bifurcated workforce
96,Mandatory static task-force
97,Customer-focused asymmetric system engine
98,Stand-alone object-oriented database
99,Persevering upward-trending archive
100,Fundamental actuating firmware
101,Public-key attitude-oriented website
102,Multi-channelled local local area network
103,Virtual well-modulated ability
104,Stand-alone needs-based framework
105,Fully-configurable composite contingency
106,Streamlined clear-thinking application
107,Enhanced systematic functionalities
108,Diverse didactic hub
109,Reduced bandwidth-monitored workforce
110,Operative bi-directional help-desk
111,Ameliorated systemic array
112,Synchronised demand-driven Graphical User Interface
113,Versatile exuding collaboration
114,Open-source system-worthy hardware
115,Progressive bi-directional hardware
116,De-engineered bi-directional system engine
117,Optimized incremental service-desk
118,Intuitive multi-state hardware
119,Sharable incremental leverage
120,Reduced multi-state leverage
121,Realigned intermediate focus group
122,Front-line 24 hour project
123,Focused cohesive support
124,Quality-focused 24/7 standardization
125,Open-source holistic capacity
126,Multi-tiered full-range task-force
127,Balanced high-level solution
128,Universal bottom-line knowledge user
129,Ergonomic asynchronous approach
130,Profound actuating utilisation
131,Diverse explicit process improvement
132,Self-enabling system-worthy matrices
133,Horizontal multi-tasking application
134,Automated systemic circuit
135,Up-sized even-keeled alliance
136,Synchronised national synergy
137,Integrated directional moratorium
138,Automated user-facing implementation
139,Self-enabling mobile encoding
140,Secured bi-directional firmware
141,Sharable foreground encryption
142,Persevering well-modulated function
143,Multi-tiered solution-oriented intranet
144,Multi-lateral client-server challenge
145,Re-engineered full-range framework
146,Focused client-server knowledge user
147,Automated zero tolerance capability
148,Monitored foreground monitoring
149,Total zero defect time-frame
150,User-friendly dynamic strategy
151,Diverse tertiary functionalities
152,Triple-buffered 3rd generation interface
153,Programmable secondary monitoring
154,Pre-emptive well-modulated pricing structure
155,Reduced context-sensitive projection
156,Virtual methodical collaboration
157,Upgradable 3rd generation leverage
158,Synchronised multi-state budgetary management
159,Centralized actuating open system
160,Customizable dynamic hierarchy
161,Universal exuding analyzer
162,Mandatory 24/7 info-mediaries
163,Implemented foreground time-frame
164,Cross-platform transitional adapter
165,Operative object-oriented hardware
166,Object-based multi-tasking adapter
167,Secured dedicated customer loyalty
168,Polarised scalable matrices
169,Organic asynchronous standardization
170,Fully-configurable next generation architecture
171,Centralized system-worthy utilisation
172,Front-line eco-centric circuit
173,User-centric fault-tolerant hierarchy
174,Horizontal value-added firmware
175,Robust eco-centric capability
176,Ergonomic dynamic time-frame
177,Horizontal grid-enabled data-warehouse
178,Synchronised holistic model
179,Devolved static model
180,Down-sized explicit task-force
181,Customizable discrete framework
182,Exclusive tangible infrastructure
183,Devolved explicit algorithm
184,Cross-group grid-enabled hub
185,Face to face encompassing capability
186,Re-engineered zero administration implementation
187,Synchronised incremental archive
188,Intuitive tangible alliance
189,Integrated multimedia capability
190,De-engineered mobile concept
191,Reactive empowering methodology
192,Focused well-modulated Graphical User Interface
193,Face to face regional moderator
194,Self-enabling impactful migration
195,Profound 24 hour challenge
196,Robust zero defect Graphical User Interface
197,User-centric bifurcated instruction set
198,Right-sized motivating migration
199,Secured holistic encryption
200,Exclusive even-keeled moderator
201,Streamlined zero defect implementation
202,Adaptive systemic product
203,User-centric attitude-oriented encoding
204,Persevering tertiary pricing structure
205,Streamlined clear-thinking moratorium
206,Digitized neutral software
207,Enterprise-wide eco-centric budgetary management
208,Automated composite framework
209,Synergized value-added parallelism
210,Organic cohesive capacity
211,Face to face national open system
212,Profound solution-oriented infrastructure
213,Polarised high-level monitoring
214,Versatile multi-tasking time-frame
215,Automated 3rd generation throughput
216,Synergized explicit structure
217,Re-contextualized attitude-oriented capacity
218,Compatible bottom-line extranet
219,Open-architected web-enabled analyzer
220,Business-focused explicit model
221,Decentralized 24/7 Graphical User Interface
222,Open-architected leading edge functionalities
223,Re-contextualized client-driven extranet
224,Upgradable coherent product
225,Decentralized regional array
226,Intuitive directional moratorium
227,Virtual eco-centric attitude
228,Realigned composite service-desk
229,Triple-buffered dynamic throughput
230,Right-sized asymmetric budgetary management
231,Robust bi-directional matrices
232,Progressive bi-directional service-desk
233,Focused well-modulated portal
234,Persevering secondary contingency
235,Distributed fresh-thinking extranet
236,Compatible zero tolerance groupware
237,Mandatory 6th generation productivity
238,Proactive bottom-line installation
239,Operative incremental core
240,Multi-layered composite portal
241,Re-engineered executive matrices
242,Innovative bi-directional product
243,Customer-focused foreground forecast
244,Ergonomic dedicated workforce
245,Triple-buffered dedicated workforce
246,Optimized high-level workforce
247,Distributed national approach
248,Optional uniform protocol
249,Multi-tiered empowering collaboration
250,Ameliorated client-driven model
251,Mandatory next generation analyzer
252,Proactive well-modulated solution
253,Reverse-engineered mobile application
254,Versatile actuating implementation
255,Synchronised didactic strategy
256,Extended scalable encryption
257,Cloned client-driven middleware
258,Managed heuristic forecast
259,Digitized global knowledge base
260,Quality-focused client-server knowledge base
261,Right-sized human-resource toolset
262,Adaptive analyzing capacity
263,Re-engineered 4th generation open architecture
264,Persevering foreground framework
265,Visionary radical firmware
266,Optimized heuristic functionalities
267,Open-source local moderator
268,Assimilated disintermediate function
269,Programmable mobile flexibility
270,User-centric non-volatile secured line
271,Face to face 24 hour product
272,Integrated motivating secured line
273,Inverse explicit definition
274,Expanded mission-critical intranet
275,Cross-platform real-time array
276,Pre-emptive coherent middleware
277,Public-key stable product
278,Fundamental contextually-based monitoring
279,Compatible full-range toolset
280,Sharable disintermediate support
281,Realigned non-volatile process improvement
282,Stand-alone logistical paradigm
283,Realigned non-volatile matrices
284,Reactive static utilisation
285,Focused context-sensitive projection
286,Integrated executive intranet
287,Persistent multi-state project
288,Function-based intermediate alliance
289,Multi-lateral 4th generation methodology
290,Polarised systematic conglomeration
291,Open-architected mobile knowledge base
292,Persevering intangible throughput
293,Cross-platform human-resource attitude
294,Cloned contextually-based installation
295,Team-oriented background middleware
296,Re-contextualized analyzing matrices
297,Function-based multi-state encryption
298,Managed dynamic time-frame
299,Enterprise-wide stable firmware
300,Multi-layered reciprocal budgetary management
301,Visionary incremental encoding
302,Phased web-enabled workforce
303,Realigned mobile encoding
304,Quality-focused web-enabled secured line
305,Seamless impactful workforce
306,Intuitive contextually-based application
307,Grass-roots optimizing collaboration
308,Devolved bottom-line interface
309,Upgradable didactic portal
310,Assimilated contextually-based core
311,Managed intangible software
312,Grass-roots optimizing access
313,Extended maximized product
314,Monitored disintermediate algorithm
315,Monitored asymmetric infrastructure
316,Intuitive value-added support
317,Innovative zero tolerance array
318,Right-sized static productivity
319,Open-architected dedicated parallelism
320,Digitized zero tolerance knowledge base
321,Synchronised 24 hour service-desk
322,Team-oriented next generation monitoring
323,Secured bandwidth-monitored knowledge base
324,Upgradable context-sensitive instruction set
325,Face to face discrete monitoring
326,User-friendly actuating projection
327,Visionary contextually-based alliance
328,Expanded multi-tasking emulation
329,Visionary radical architecture
330,Grass-roots attitude-oriented definition
331,Implemented disintermediate software
332,Function-based multi-tasking local area network
333,Optimized discrete hardware
334,Secured zero administration hardware
335,Visionary attitude-oriented definition
336,Multi-layered multi-state archive
337,Multi-lateral intangible extranet
338,Profound 6th generation service-desk
339,Exclusive coherent paradigm
340,Ergonomic coherent synergy
341,Profit-focused 6th generation throughput
342,Reactive attitude-oriented capability
343,Mandatory background migration
344,Front-line contextually-based capability
345,Polarised 24 hour help-desk
346,Versatile object-oriented approach
347,Pre-emptive methodical approach
348,Re-engineered coherent task-force
349,Profound mobile moderator
350,Advanced demand-driven process improvement
351,Integrated asynchronous Graphical User Interface
352,Assimilated actuating encryption
353,Reduced coherent solution
354,Proactive well-modulated moderator
355,Devolved heuristic project
356,Secured coherent workforce
357,Open-source hybrid capability
358,Decentralized bottom-line secured line
359,Intuitive zero tolerance algorithm
360,Extended asynchronous application
361,Programmable executive contingency
362,Multi-channelled system-worthy synergy
363,Quality-focused mobile policy
364,Enhanced bandwidth-monitored pricing structure
365,Multi-layered intangible standardization
366,Enterprise-wide systemic info-mediaries
367,Operative needs-based interface
368,Progressive 3rd generation challenge
369,Face to face motivating encoding
370,Reverse-engineered clear-thinking infrastructure
371,Down-sized transitional middleware
372,Expanded multi-tasking core
373,Face to face multi-tasking firmware
374,Right-sized local architecture
375,Exclusive mission-critical contingency
376,Switchable radical projection
377,De-engineered regional core
378,Ameliorated non-volatile complexity
379,Mandatory tertiary analyzer
380,Organic explicit extranet
381,User-centric next generation methodology
382,Networked maximized collaboration
383,Multi-layered bifurcated functionalities
384,User-friendly real-time ability
385,Optional optimizing parallelism
386,Visionary actuating groupware
387,Customizable clear-thinking interface
388,Managed systemic toolset
389,Visionary web-enabled collaboration
390,Multi-tiered radical methodology
391,Right-sized value-added portal
392,Fully-configurable motivating analyzer
393,Phased homogeneous workforce
394,Mandatory eco-centric open architecture
395,Balanced cohesive project
396,Phased user-facing encryption
397,Quality-focused high-level ability
398,User-friendly system-worthy algorithm
399,Integrated stable workforce
400,Multi-tiered incremental collaboration
401,Programmable static analyzer
402,Virtual optimal core
403,Proactive transitional flexibility
404,Inverse secondary success
405,Open-architected user-facing ability
406,Stand-alone methodical leverage
407,Balanced coherent software
408,Team-oriented optimizing contingency
409,Networked bottom-line time-frame
410,Public-key real-time analyzer
411,Reverse-engineered impactful protocol
412,Secured high-level orchestration
413,Reduced client-driven capability
414,Enhanced empowering ability
415,Stand-alone transitional system engine
416,Universal composite firmware
417,Stand-alone bandwidth-monitored capacity
418,Reactive asymmetric neural-net
419,Upgradable secondary structure
420,Reactive maximized algorithm
421,Fully-configurable dynamic hardware
422,Organized global database
423,Reduced 3rd generation groupware
424,Re-contextualized well-modulated policy
425,Managed next generation emulation
426,Configurable bi-directional customer loyalty
427,Advanced multimedia hierarchy
428,Proactive asynchronous functionalities
429,Optimized intermediate algorithm
430,Function-based transitional customer loyalty
431,Sharable systematic encryption
432,Visionary real-time complexity
433,Multi-channelled well-modulated solution
434,Reverse-engineered responsive neural-net
435,Assimilated logistical middleware
436,Robust zero defect knowledge user
437,Compatible leading edge attitude
438,Grass-roots neutral knowledge user
439,Re-engineered full-range artificial intelligence
440,Networked zero administration encoding
441,Optional non-volatile help-desk
442,Distributed contextually-based firmware
443,Seamless hybrid parallelism
444,Advanced intangible firmware
445,Balanced secondary success
446,Business-focused zero defect project
447,Innovative mission-critical productivity
448,Virtual foreground toolset
449,Team-oriented leading edge methodology
450,De-engineered dedicated local area network
451,Innovative interactive model
452,Re-contextualized needs-based flexibility
453,Assimilated bifurcated definition
454,Synergized composite website
455,Down-sized client-server firmware
456,Total intangible instruction set
457,Sharable local protocol
458,Optimized global interface
459,Multi-tiered reciprocal groupware
460,User-friendly object-oriented moderator
461,Future-proofed fresh-thinking data-warehouse
462,De-engineered dedicated pricing structure
463,Profound cohesive methodology
464,De-engineered multi-tasking monitoring
465,Realigned demand-driven moratorium
466,Intuitive hybrid internet solution
467,Ameliorated regional algorithm
468,Synchronised national definition
469,Business-focused national collaboration
470,Customer-focused asymmetric service-desk
471,Versatile 4th generation data-warehouse
472,Total value-added access
473,Enterprise-wide methodical paradigm
474,Ergonomic 24 hour productivity
475,Visionary systematic projection
476,Centralized optimal hardware
477,Quality-focused discrete knowledge user
478,Face to face encompassing instruction set
479,Persevering responsive concept
480,Focused zero tolerance circuit
481,Face to face multimedia challenge
482,Focused secondary protocol
483,Balanced mobile array
484,Versatile tertiary function
485,Innovative multimedia extranet
486,Polarised bandwidth-monitored conglomeration
487,Extended motivating emulation
488,Devolved context-sensitive alliance
489,Balanced cohesive orchestration
490,Horizontal asynchronous groupware
491,Synergized transitional task-force
492,Public-key object-oriented emulation
493,Up-sized stable function
494,Optional asymmetric process improvement
495,Reactive holistic artificial intelligence
496,Diverse 3rd generation matrix
497,Object-based analyzing moratorium
498,Business-focused transitional project
499,Programmable empowering solution
500,Cross-platform client-driven pricing structure
501,Multi-lateral global paradigm
502,Operative zero administration challenge
503,Pre-emptive clear-thinking pricing structure
504,Quality-focused tertiary portal
505,Distributed full-range orchestration
506,Seamless bandwidth-monitored project
507,Self-enabling global customer loyalty
508,Up-sized background monitoring
509,Quality-focused human-resource encoding
510,Balanced bi-directional collaboration
511,Compatible leading edge toolset
512,Streamlined multimedia pricing structure
513,Advanced fault-tolerant parallelism
514,Team-oriented demand-driven matrices
515,Intuitive client-driven strategy
516,Balanced modular project
517,Operative zero defect benchmark
518,Re-contextualized secondary parallelism
519,Digitized holistic flexibility
520,Persistent motivating parallelism
521,Right-sized coherent array
522,Intuitive client-server benchmark
523,Profit-focused disintermediate alliance
524,Business-focused bi-directional moratorium
525,Phased logistical interface
526,Secured encompassing installation
527,Intuitive uniform functionalities
528,Multi-channelled multimedia firmware
529,Intuitive responsive parallelism
530,Phased 24/7 analyzer
531,Devolved non-volatile definition
532,Grass-roots homogeneous toolset
533,Synchronised regional model
534,Re-contextualized non-volatile capacity
535,Sharable content-based leverage
536,Front-line well-modulated strategy
537,Programmable multi-tasking customer loyalty
538,Balanced client-server capacity
539,Mandatory reciprocal alliance
540,Quality-focused national superstructure
541,Future-proofed systematic local area network
542,Front-line 5th generation moratorium
543,Multi-layered transitional task-force
544,Integrated leading edge contingency
545,Advanced 4th generation toolset
546,Ameliorated heuristic portal
547,Business-focused 6th generation task-force
548,Virtual leading edge leverage
549,Enterprise-wide contextually-based instruction set
550,Configurable intermediate matrices
551,Cross-platform upward-trending adapter
552,Cloned content-based neural-net
553,Proactive upward-trending software
554,Intuitive homogeneous structure
555,Centralized demand-driven capability
556,Ameliorated systemic help-desk
557,Optional national secured line
558,Organized mobile leverage
559,Reactive global customer loyalty
560,Implemented homogeneous firmware
561,Vision-oriented 6th generation superstructure
562,Progressive grid-enabled installation
563,Horizontal leading edge service-desk
564,Integrated zero defect emulation
565,Ameliorated fresh-thinking flexibility
566,Mandatory directional website
567,Optional composite success
568,Organic cohesive internet solution
569,Horizontal maximized flexibility
570,Proactive content-based encryption
571,Implemented multi-tasking budgetary management
572,Optimized coherent orchestration
573,Synergized dedicated help-desk
574,Adaptive real-time matrices
575,Inverse transitional encoding
576,Down-sized national toolset
577,Seamless solution-oriented access
578,Fundamental user-facing focus group
579,Enhanced contextually-based circuit
580,Implemented zero defect budgetary management
581,Networked dynamic success
582,Robust methodical algorithm
583,Seamless secondary collaboration
584,Virtual radical circuit
585,Face to face dynamic data-warehouse
586,Cross-group responsive interface
587,Expanded asynchronous hierarchy
588,Profound tangible function
589,Proactive uniform artificial intelligence
590,De-engineered systemic forecast
591,Automated grid-enabled protocol
592,Multi-lateral fresh-thinking benchmark
593,Switchable incremental array
594,Cross-platform eco-centric parallelism
595,Profound maximized conglomeration
596,De-engineered bandwidth-monitored protocol
597,Configurable user-facing strategy
598,Function-based 5th generation help-desk
599,Centralized background encryption
600,Monitored didactic collaboration
601,Compatible 3rd generation toolset
602,Function-based non-volatile knowledge user
603,Proactive asymmetric open system
604,Focused methodical function
605,Seamless impactful complexity
606,Enterprise-wide didactic ability
607,Grass-roots bottom-line firmware
608,User-friendly full-range productivity
609,Cloned content-based process improvement
610,Digitized 5th generation initiative
611,Intuitive multi-tasking workforce
612,Profit-focused multi-tasking interface
613,Persevering interactive support
614,Grass-roots solution-oriented utilisation
615,Polarised intangible time-frame
616,Robust value-added local area network
617,Streamlined exuding product
618,Object-based system-worthy methodology
619,Public-key zero tolerance open system
620,Adaptive context-sensitive extranet
621,Seamless dynamic local area network
622,Triple-buffered optimizing circuit
623,Upgradable analyzing synergy
624,Monitored background knowledge base
625,Organized object-oriented toolset
626,Vision-oriented directional projection
627,Reverse-engineered tertiary capability
628,Configurable eco-centric adapter
629,Quality-focused multi-state paradigm
630,Stand-alone explicit hardware
631,Fully-configurable intangible approach
632,Function-based demand-driven open architecture
633,Synergized exuding initiative
634,Devolved multi-state time-frame
635,Face to face user-facing middleware
636,Synergized actuating forecast
637,Fundamental actuating leverage
638,Pre-emptive non-volatile leverage
639,Re-contextualized 24/7 contingency
640,Synergized optimal help-desk
641,Operative impactful synergy
642,Progressive real-time array
643,Automated 24 hour budgetary management
644,Vision-oriented bifurcated portal
645,Operative 24/7 pricing structure
646,Multi-lateral user-facing challenge
647,Enhanced analyzing frame
648,Centralized fault-tolerant policy
649,Realigned bifurcated matrix
650,Adaptive intermediate moderator
651,Reactive local matrix
652,Profound local policy
653,Multi-layered 4th generation process improvement
654,Cross-group contextually-based task-force
655,Adaptive asymmetric matrix
656,Advanced maximized time-frame
657,Configurable maximized benchmark
658,Assimilated bi-directional extranet
659,Enterprise-wide didactic hardware
660,Vision-oriented needs-based functionalities
661,Reduced logistical algorithm
662,Multi-layered global array
663,De-engineered bifurcated leverage
664,Devolved 3rd generation budgetary management
665,Ameliorated clear-thinking approach
666,Configurable asymmetric knowledge base
667,Advanced uniform encryption
668,Enterprise-wide fresh-thinking flexibility
669,Up-sized holistic capability
670,Managed web-enabled knowledge user
671,Synergized 5th generation middleware
672,Devolved logistical extranet
673,Centralized dedicated parallelism
674,Sharable web-enabled application
675,Synergistic encompassing system engine
676,Cross-platform contextually-based collaboration
677,Reverse-engineered incremental synergy
678,Synergistic next generation time-frame
679,Vision-oriented user-facing info-mediaries
680,Centralized mission-critical protocol
681,Polarised radical orchestration
682,Seamless asynchronous project
683,Function-based regional implementation
684,Reactive bi-directional system engine
685,Front-line web-enabled infrastructure
686,Customer-focused hybrid access
687,Cloned motivating task-force
688,Cross-group systemic access
689,Re-engineered web-enabled Graphic Interface
690,Open-source grid-enabled knowledge base
691,Cloned grid-enabled website
692,Re-contextualized modular database
693,Implemented holistic time-frame
694,Diverse needs-based capability
695,Progressive uniform synergy
696,Triple-buffered logistical model
697,Pre-emptive discrete matrices
698,Seamless hybrid functionalities
699,Enhanced 24/7 intranet
700,Automated mobile Graphic Interface
701,Streamlined empowering website
702,Realigned intermediate info-mediaries
703,Compatible composite software
704,Adaptive multi-tasking portal
705,Quality-focused system-worthy Graphic Interface
706,Universal intangible product
707,Multi-layered bandwidth-monitored moratorium
708,Polarised mission-critical circuit
709,Diverse asymmetric challenge
710,Cross-platform mobile moratorium
711,Persistent cohesive internet solution
712,Vision-oriented upward-trending support
713,Proactive disintermediate policy
714,Expanded secondary customer loyalty
715,Up-sized eco-centric groupware
716,Programmable upward-trending core
717,Multi-lateral exuding function
718,Integrated bandwidth-monitored collaboration
719,Object-based motivating product
720,Extended regional process improvement
721,Versatile contextually-based structure
722,Realigned foreground infrastructure
723,Streamlined radical knowledge base
724,Integrated mission-critical help-desk
725,Multi-channelled analyzing infrastructure
726,Networked tangible toolset
727,Customer-focused explicit service-desk
728,Open-architected transitional moratorium
729,Persistent disintermediate task-force
730,Exclusive foreground utilisation
731,Assimilated client-server service-desk
732,Robust scalable focus group
733,Enterprise-wide maximized frame
734,Up-sized 6th generation leverage
735,Streamlined object-oriented structure
736,Enhanced 5th generation benchmark
737,Re-contextualized grid-enabled attitude
738,Mandatory reciprocal initiative
739,Synergized discrete protocol
740,Ergonomic modular pricing structure
741,Down-sized actuating encoding
742,Implemented 3rd generation parallelism
743,Progressive stable budgetary management
744,Inverse dynamic challenge
745,Inverse high-level Graphical User Interface
746,Enhanced explicit matrices
747,Seamless demand-driven orchestration
748,Digitized background attitude
749,Progressive intermediate knowledge base
750,User-friendly cohesive toolset
751,Future-proofed even-keeled moderator
752,Synergistic optimal migration
753,Ergonomic hybrid protocol
754,Persevering homogeneous function
755,Up-sized maximized secured line
756,Exclusive 24/7 capability
757,Centralized coherent challenge
758,Switchable bottom-line ability
759,Right-sized analyzing conglomeration
760,Pre-emptive contextually-based contingency
761,Centralized systemic software
762,Reverse-engineered 24/7 parallelism
763,Mandatory fault-tolerant benchmark
764,Quality-focused real-time implementation
765,Enhanced methodical open system
766,Multi-tiered interactive task-force
767,Fully-configurable clear-thinking knowledge base
768,Vision-oriented secondary strategy
769,Virtual holistic forecast
770,Streamlined clear-thinking frame
771,Reverse-engineered homogeneous matrix
772,Multi-channelled intermediate challenge
773,Function-based solution-oriented open system
774,Progressive actuating pricing structure
775,Cross-group radical hardware
776,Public-key radical interface
777,Ergonomic human-resource conglomeration
778,Digitized global capacity
779,Implemented client-driven firmware
780,Total asynchronous extranet
781,Operative mission-critical neural-net
782,Digitized explicit knowledge user
783,Grass-roots bifurcated flexibility
784,Fully-configurable full-range monitoring
785,Customer-focused neutral artificial intelligence
786,Reduced motivating Graphical User Interface
787,Multi-lateral solution-oriented Graphical User Interface
788,Automated methodical approach
789,Compatible tangible focus group
790,Phased secondary moratorium
791,Automated well-modulated core
792,Programmable fault-tolerant flexibility
793,Triple-buffered static core
794,Optional actuating intranet
795,Down-sized static focus group
796,Enhanced zero administration time-frame
797,Operative foreground archive
798,Up-sized human-resource system engine
799,Polarised 24 hour matrices
800,Exclusive solution-oriented array
801,Multi-channelled bifurcated matrix
802,Enhanced asymmetric encoding
803,Reverse-engineered interactive protocol
804,Ameliorated coherent functionalities
805,Proactive responsive adapter
806,Realigned maximized model
807,Vision-oriented mission-critical alliance
808,Ergonomic multi-state function
809,Cloned static collaboration
810,Enhanced tangible portal
811,Universal 24/7 success
812,Configurable actuating product
813,Future-proofed local service-desk
814,Diverse demand-driven workforce
815,Vision-oriented regional Graphic Interface
816,Managed even-keeled knowledge base
817,Streamlined secondary project
818,Sharable value-added superstructure
819,Profit-focused bandwidth-monitored toolset
820,Sharable well-modulated focus group
821,Object-based tangible solution
822,User-friendly actuating knowledge base
823,Stand-alone object-oriented hub
824,Team-oriented real-time paradigm
825,Organized clear-thinking neural-net
826,Extended impactful process improvement
827,Proactive discrete paradigm
828,Face to face radical strategy
829,Managed multimedia matrix
830,Innovative attitude-oriented collaboration
831,Cross-platform impactful complexity
832,Advanced fault-tolerant throughput
833,Implemented context-sensitive open system
834,Fully-configurable 3rd generation concept
835,Optional maximized Graphic Interface
836,Multi-lateral 5th generation task-force
837,Object-based dedicated moderator
838,Persevering multi-state customer loyalty
839,De-engineered intangible model
840,Re-engineered needs-based superstructure
841,Profit-focused logistical collaboration
842,Virtual tertiary function
843,Business-focused dynamic orchestration
844,Assimilated bandwidth-monitored pricing structure
845,Polarised 5th generation groupware
846,Reduced mission-critical success
847,Diverse grid-enabled parallelism
848,Organized grid-enabled challenge
849,Enhanced scalable alliance
850,Networked interactive help-desk
851,De-engineered directional orchestration
852,Cloned holistic groupware
853,Distributed clear-thinking system engine
854,Multi-channelled neutral website
855,Programmable optimizing knowledge user
856,Synergized zero administration model
857,Decentralized bandwidth-monitored framework
858,Total global paradigm
859,Horizontal leading edge installation
860,Fundamental multimedia application
861,Secured bi-directional paradigm
862,Upgradable dedicated analyzer
863,Seamless attitude-oriented implementation
864,Devolved high-level projection
865,Grass-roots national concept
866,Proactive neutral instruction set
867,Multi-layered zero defect instruction set
868,Triple-buffered even-keeled framework
869,User-centric composite focus group
870,De-engineered next generation policy
871,Right-sized bi-directional emulation
872,Assimilated clear-thinking success
873,Versatile value-added productivity
874,Decentralized zero defect pricing structure
875,Business-focused foreground support
876,Fundamental methodical paradigm
877,Public-key zero administration architecture
878,Persevering scalable toolset
879,Phased content-based hardware
880,Enhanced fresh-thinking extranet
881,Integrated fault-tolerant function
882,Re-contextualized coherent leverage
883,Function-based bi-directional frame
884,Ameliorated modular conglomeration
885,Centralized grid-enabled knowledge base
886,Grass-roots exuding functionalities
887,Business-focused cohesive firmware
888,Ameliorated multi-state instruction set
889,Balanced contextually-based projection
890,User-centric scalable protocol
891,Compatible optimizing budgetary management
892,Multi-lateral local attitude
893,Phased tertiary migration
894,Horizontal attitude-oriented pricing structure
895,Decentralized systemic process improvement
896,Face to face motivating help-desk
897,Total holistic access
898,Mandatory client-driven info-mediaries
899,Integrated value-added success
900,Multi-layered human-resource forecast
901,Pre-emptive multi-tasking Graphical User Interface
902,Phased composite interface
903,Persevering upward-trending standardization
904,Cloned human-resource functionalities
905,Up-sized multi-state initiative
906,Sharable actuating hardware
907,Vision-oriented 3rd generation portal
908,Self-enabling secondary knowledge user
909,Mandatory dynamic capacity
910,Integrated 6th generation website
911,Monitored reciprocal budgetary management
912,Pre-emptive reciprocal installation
913,Open-source contextually-based intranet
914,Seamless background task-force
915,Mandatory real-time process improvement
916,Synergistic human-resource toolset
917,Object-based tertiary benchmark
918,Re-contextualized bifurcated application
919,Cross-group responsive algorithm
920,Customer-focused optimizing application
921,Customer-focused zero tolerance encryption
922,Open-architected client-driven migration
923,Public-key full-range success
924,Open-architected dedicated focus group
925,Stand-alone systemic portal
926,Seamless coherent standardization
927,Business-focused didactic model
928,Extended optimal challenge
929,Persistent next generation circuit
930,Object-based well-modulated moderator
931,Polarised real-time encryption
932,Re-engineered cohesive implementation
933,Re-engineered disintermediate hub
934,Triple-buffered 5th generation info-mediaries
935,Self-enabling empowering standardization
936,Optimized clear-thinking utilisation
937,Function-based asynchronous process improvement
938,Cross-platform tertiary capacity
939,Compatible solution-oriented artificial intelligence
940,Streamlined foreground attitude
941,Multi-tiered real-time task-force
942,Enhanced composite function
943,Right-sized well-modulated policy
944,Intuitive 24 hour core
945,Managed zero defect approach
946,Up-sized global alliance
947,Managed exuding system engine
948,Up-sized intangible middleware
949,Synergized clear-thinking neural-net
950,Diverse scalable application
951,Ameliorated static portal
952,Organized optimizing knowledge base
953,Monitored multi-state open system
954,Enterprise-wide zero defect focus group
955,Versatile interactive service-desk
956,Multi-lateral 3rd generation framework
957,Progressive even-keeled intranet
958,Function-based 24 hour ability
959,Multi-tiered systematic ability
960,Switchable directional software
961,Operative neutral software
962,Inverse multi-state artificial intelligence
963,Robust intermediate Graphical User Interface
964,Multi-tiered homogeneous budgetary management
965,Persevering didactic installation
966,Cloned mission-critical database
967,Virtual global parallelism
968,Devolved content-based methodology
969,User-friendly secondary synergy
970,Quality-focused systematic synergy
971,Upgradable system-worthy archive
972,Vision-oriented leading edge strategy
973,Right-sized attitude-oriented utilisation
974,Secured optimizing architecture
975,Object-based asynchronous synergy
976,Configurable impactful standardization
977,Enhanced neutral functionalities
978,Realigned mobile artificial intelligence
979,Persevering optimal knowledge base
980,Networked mobile protocol
981,Optional contextually-based support
982,Reverse-engineered demand-driven open system
983,Synchronised system-worthy protocol
984,Visionary mission-critical core
985,Diverse zero defect hierarchy
986,Synergistic next generation moratorium
987,Vision-oriented radical pricing structure
988,De-engineered optimizing secured line
989,Exclusive regional complexity
990,Automated cohesive system engine
991,Ameliorated 24/7 hierarchy
992,Persevering radical success
993,Fully-configurable background alliance
994,Face to face interactive application
995,Switchable needs-based extranet
996,Exclusive systematic process improvement
997,Customizable multi-state projection
998,Operative zero tolerance synergy
999,Synchronised high-level process improvement
1000,Innovative multimedia application
